keyword,rank,bid,impressions,clicks,cpc,cost,bid_cal,impressions_cal,clicks_cal,attr
3D프린터,10,3670,14362,16,3139.0,50223,0.0,0.0,0.0,저관련인기
3D프린팅,10,4410,2691,16,3750.0,59993,0.0,0.0,0.0,저관련인기
피규어,8,380,8687,94,309.0,29021,0.13333333333333333,0.10738636363636364,0.05952380952380952,저관련인기
피규어제작,10,1870,1106,76,1592.0,120981,0.0,0.0,0.0,저관련인기
플라스틱제작,4,2740,247,32,2329.0,74539,0.125,0.04081632653061226,0.3333333333333335,고관련인기
피규어만들기,10,230,407,4,211.0,843,0.0,0.0,0.0,저관련인기
3D프린트,10,3400,826,1,2747.0,2747,0.0,0.0,0.0,저관련인기
펄프몰드,10,210,159,2,182.0,363,0.0,0.0,0.0,저관련인기
플라스틱성형,10,2030,185,4,1774.0,7097,0.0,0.0,0.0,저관련인기
3D프린터출력,10,3740,291,1,3187.0,3187,0.0,0.0,0.0,저관련인기
금속3D프린터,10,1840,304,0,,0,0.0,0.0,0.0,저관련인기
3D프린팅제작,10,1930,28,0,,0,0.0,0.0,0.0,고관련비인기
산업용3D프린터,10,2920,131,3,2493.0,7479,0.0,0.0,0.0,저관련인기
지그제작,10,2470,243,8,2152.0,17220,0.0,0.0,0.0,저관련인기
모형제작,2,15460,456,28,13920.0,389770,0.07977736549165121,0.009646302250803873,14.0,고관련인기
3D프린터가격,10,1900,398,7,1698.0,11884,0.0,0.0,0.0,저관련인기
개인피규어제작,10,470,146,7,364.0,2551,0.0,0.0,0.0,저관련인기
3D피규어제작,10,1400,178,0,,0,0.0,0.0,0.0,저관련인기
건축모형만들기,9,310,166,2,252.0,504,0.14814814814814814,0.22058823529411764,0.0,저관련인기
3D프린터제작,2,4140,249,2,3531.0,7062,0.19999999999999984,0.0,0.0,고관련인기
SHAPEWAYS,10,70,35,0,,0,0.0,0.0,0.0,저관련비인기
3D출력서비스,10,320,3,2,288.0,576,0.0,0.0,0.0,저관련비인기
팹랩,8,70,200,0,,0,0.0,0.0,0.0,저관련인기
3D프린터샘플제작,10,930,17,2,813.0,1626,0.0,0.0,0.0,고관련비인기
3D프린팅업체,4,5820,146,2,4951.0,9902,0.14166666666666672,0.06481481481481483,1.0,고관련인기
3DPRINTER,10,1940,230,1,1541.0,1541,0.0,0.0,0.0,저관련인기
3D프린터출력대행,10,2570,202,0,,0,0.0,0.0,0.0,저관련인기
3D프린터업체,5,4390,174,1,3736.0,3736,0.1407942238267148,0.0,0.0,고관련인기
건축모형제작,3,9250,176,1,8115.0,8115,0.22535211267605648,0.0,0.0,고관련인기
커버제작,2,630,90,3,512.0,1535,2.066666666666667,0.0,0.5,고관련인기
3D출력,10,2890,107,0,,0,0.0,0.0,0.0,저관련인기
미니어처제작,8,490,98,17,389.0,6617,0.17142857142857146,0.0,0.0625,고관련인기
모형제작업체,7,8950,83,1,7892.0,7892,0.04150453955901427,0.0,0.0,고관련인기
소품제작,4,1530,112,21,1331.0,27955,0.2222222222222222,0.0,4.0,고관련인기
샘플제작,6,3350,126,10,2887.0,28871,0.158590308370044,0.11764705882352944,0.4,고관련인기
3DSYSTEMS,7,90,209,0,,0,0.2857142857142857,0.03980099502487562,0.0,저관련인기
대형3D프린터,10,1590,114,2,1210.0,2419,0.0,0.0,0.0,저관련인기
DLP프린터,10,130,101,0,,0,0.0,0.0,0.0,저관련인기
디자인제작,4,3830,235,5,3168.0,15838,0.29255319148936165,0.06134969325153372,0.3333333333333333,고관련인기
3D프린터회사,10,1770,156,2,1654.0,3307,0.0,0.0,0.0,저관련인기
목업제작업체,10,3550,25,3,3072.0,9215,0.0,0.0,0.0,고관련비인기
3DPRINTING,10,2340,94,0,,0,0.0,0.0,0.0,저관련인기
MAKERBOT,10,90,169,1,90.0,90,0.0,0.0,0.0,저관련인기
미니어쳐제작,10,700,33,2,554.0,1107,0.0,0.0,0.0,고관련비인기
3D프린터추천,10,2130,471,0,,0,0.0,0.0,0.0,저관련인기
3D프린터필라멘트,10,830,724,1,641.0,641,0.0,0.0,0.0,저관련인기
목업업체,10,1710,17,2,1484.0,2967,0.0,0.0,0.0,고관련비인기
3D솔루션,10,110,80,0,,0,0.0,0.0,0.0,저관련인기
3DITEMS,10,70,8,0,,0,0.0,0.0,0.0,저관련비인기
3D프린터출력물,8,820,80,0,,0,0.10144927536231885,0.10606060606060606,0.0,저관련인기
3D프린팅대행,10,2190,72,1,1882.0,1882,0.0,0.0,0.0,저관련인기
RP,1,1090,4114,0,,0,3.0,0.10532181666202284,0.0,저관련인기
3D프린터출력가격,10,1500,46,0,,0,0.0,0.0,0.0,저관련비인기
3D프린트업체,3,3750,70,1,3204.0,3204,0.2421052631578947,0.0,0.0,고관련인기
시제품,10,4480,1815,0,,0,0.0,0.0,0.0,저관련인기
미니피규어제작,10,80,22,1,80.0,80,0.0,0.0,0.0,저관련비인기
3D프린터부품,5,730,258,10,556.0,5559,0.29268292682926833,0.15882352941176475,0.0,저관련인기
3D시스템즈,7,180,358,5,70.0,350,0.6666666666666667,0.09467455621301779,0.25,저관련인기
로봇제작,8,380,68,2,328.0,657,0.06060606060606061,0.09433962264150941,0.0,저관련인기
FDM3D프린터,9,210,87,2,210.0,420,0.16666666666666666,0.10126582278481013,0.0,저관련인기
피큐어제작,10,150,3,0,,0,0.0,0.0,0.0,고관련비인기
발명품,9,210,1728,4,171.0,683,0.10526315789473684,0.01527614571092832,0.3333333333333333,저관련인기
아이디어상품제작,10,820,27,1,697.0,697,0.0,0.0,0.0,고관련비인기
소량사출,10,100,29,2,84.0,167,0.0,0.0,0.0,저관련비인기
SLA출력,10,130,28,0,,0,0.0,0.0,0.0,저관련비인기
컵제작,4,3880,601,32,3186.0,101948,0.3749999999999999,0.045258620689655193,0.3529411764705882,고관련인기
뚜껑제작,10,140,16,1,124.0,124,0.0,0.0,0.0,고관련비인기
모형,10,3580,1245,4,2750.0,11002,0.0,0.0,0.0,저관련인기
스케치업배경,10,100,567,0,,0,0.0,0.0,0.0,저관련인기
메탈3D프린터,10,1020,55,3,781.0,2344,0.0,0.0,0.0,저관련인기
용기제작,8,420,80,8,360.0,2882,0.15625,0.0434782608695652,0.39999999999999997,저관련인기
3D프린트제작,1,2920,59,12,2372.0,28459,0.6153846153846154,0.0,9.0,고관련인기
3D프린터종류,10,1010,432,0,,0,0.0,0.0,0.0,저관련인기
3DPRINT,10,2110,107,2,1714.0,3428,0.0,0.0,0.0,저관련인기
CAD출력,10,1030,58,2,884.0,1769,0.0,0.0,0.0,저관련인기
SLS,10,620,1218,1,431.0,431,0.0,0.0,0.0,저관련인기
비행기모형,8,270,596,22,234.0,5139,0.08695652173913043,0.021352313167259787,0.0,저관련인기
3D제품제작,10,580,4,0,,0,0.0,0.0,0.0,고관련비인기
자동차부품제작,10,70,0,0,,0,0.0,0.0,0.0,저관련비인기
조형물제작,7,8950,855,1,7826.0,7826,0.1537290715372907,0.0,0.0,고관련인기
초대형3D프린터,10,70,1,0,,0,0.0,0.0,0.0,저관련비인기
캐드출력,10,1080,481,2,877.0,1754,0.0,0.0,0.0,저관련인기
샌드캐스팅,10,70,14,0,,0,0.0,0.0,0.0,저관련비인기
시작품,9,690,314,0,,0,0.13114754098360656,0.039735099337748346,0.0,저관련인기
디자인모형,3,460,4,0,,0,5.571428571428571,0.0,0.0,저관련비인기
로봇모형,10,70,1,0,,0,0.0,0.0,0.0,저관련비인기
PULPMOLD,10,70,4,0,,0,0.0,0.0,0.0,저관련비인기
RP제작,3,530,2,0,,0,6.571428571428571,0.0,0.0,고관련비인기
3D프린팅서비스,10,2450,30,1,2093.0,2093,0.0,0.0,0.0,저관련비인기
3D프린터모형제작,10,860,12,0,,0,0.0,0.0,0.0,고관련비인기
3D프린터시제품제작,10,2240,15,2,1820.0,3639,0.0,0.0,0.0,고관련비인기
3D모형제작,10,2660,19,1,2149.0,2149,0.0,0.0,0.0,고관련비인기
3D샘플제작,10,620,4,0,,0,0.0,0.0,0.0,고관련비인기
3D인쇄,10,1380,30,0,,0,0.0,0.0,0.0,저관련비인기
3D프린트회사,10,470,10,0,,0,0.0,0.0,0.0,저관련비인기
3D로고,10,530,17,0,,0,0.0,0.0,0.0,저관련비인기
3D시안,10,330,27,2,240.0,481,0.0,0.0,0.0,저관련비인기
3DSTORY,10,70,18,0,,0,0.0,0.0,0.0,저관련비인기
SLA3D프린터,10,2030,165,3,1649.0,4946,0.0,0.0,0.0,저관련인기
3D제작,4,7950,110,1,6733.0,6733,0.18387909319899254,0.0,0.0,고관련인기
SLA프린터,9,750,154,1,609.0,609,0.22950819672131148,0.019867549668874173,0.0,저관련인기
칼라3D프린터,10,260,6,0,,0,0.0,0.0,0.0,저관련비인기
PROJET660,10,70,14,0,,0,0.0,0.0,0.0,저관련비인기
3D모델링견적,10,550,11,0,,0,0.0,0.0,0.0,저관련비인기
SLA프린트,10,70,0,0,,0,0.0,0.0,0.0,저관련비인기
3D모델링프린팅,10,70,6,0,,0,0.0,0.0,0.0,저관련비인기
출력서비스,10,550,37,2,506.0,1013,0.0,0.0,0.0,저관련비인기
씽기버스,4,70,432,3,70.0,210,0.0,0.0,0.0,저관련인기
3D컬러프린터,10,100,11,0,,0,0.0,0.0,0.0,저관련비인기
3D지도,10,150,1039,0,,0,0.0,0.0,0.0,저관련인기
삼디프린터,10,70,12,0,,0,0.0,0.0,0.0,저관련비인기
SLS프린팅,10,70,13,0,,0,0.0,0.0,0.0,저관련비인기
쓰리디프린트,10,70,0,0,,0,0.0,0.0,0.0,저관련비인기
시작품제작,10,710,18,2,600.0,1200,0.0,0.0,0.0,저관련비인기
피규어주문제작,10,1110,86,1,919.0,919,0.0,0.0,0.0,저관련인기
디자인제품,6,470,103,1,369.0,369,0.20689655172413796,0.01315789473684209,0.0,저관련인기
3D이미지제작,10,900,11,1,780.0,780,0.0,0.0,0.0,고관련비인기
신도리코3D,10,160,115,0,,0,0.0,0.0,0.0,저관련인기
메탈프린팅,3,180,14,0,,0,0.30000000000000004,0.0,0.0,저관련비인기
3D프린팅출력,10,2340,64,1,1975.0,1975,0.0,0.0,0.0,저관련인기
3D프린트가격,10,670,20,1,588.0,588,0.0,0.0,0.0,저관련비인기
3D프린터사이트,7,590,150,0,,0,0.24999999999999997,0.06422018348623854,0.0,저관련인기
3D건축모형,10,90,4,0,,0,0.0,0.0,0.0,저관련비인기
DLP3D프린터,8,280,86,3,280.0,840,0.08333333333333333,0.012195121951219516,0.0,저관련인기
보급형3D프린터,10,270,11,0,,0,0.0,0.0,0.0,저관련비인기
3D프린터집,1,600,1675,0,,0,0.8571428571428568,0.8965517241379288,0.0,저관련인기
3D프린팅가격,10,1440,35,1,1170.0,1170,0.0,0.0,0.0,저관련인기
3D프린터출력소,10,960,14,4,839.0,3357,0.0,0.0,0.0,저관련비인기
산업용3D프린트,10,70,0,0,,0,0.0,0.0,0.0,저관련비인기
3D랜더링,10,2280,127,0,,0,0.0,0.0,0.0,저관련인기
3D프린트대행,10,350,57,1,320.0,320,0.0,0.0,0.0,저관련인기
3D프린팅졸업작품,10,70,0,0,,0,0.0,0.0,0.0,저관련비인기
3D프린터대행업체,10,100,23,0,,0,0.0,0.0,0.0,고관련비인기
3D제작업체,10,2990,11,0,,0,0.0,0.0,0.0,고관련비인기
HP3D프린터,7,110,67,1,106.0,106,0.2857142857142857,0.25,0.0,저관련인기
MJP3600,10,70,0,0,,0,0.0,0.0,0.0,저관련비인기
레고3D프린터,10,70,7,0,,0,0.0,0.0,0.0,저관련비인기
3D프린터대행,10,1130,119,1,853.0,853,0.0,0.0,0.0,저관련인기
제품3D,10,1010,24,1,834.0,834,0.0,0.0,0.0,저관련비인기
3D프린터FDM,2,300,111,0,,0,2.142857142857143,0.41509433962264153,0.0,저관련인기
3D프린터제작의뢰,10,280,13,0,,0,0.0,0.0,0.0,고관련비인기
3D프린팅모형,3,210,2,0,,0,2.0,0.0,0.0,저관련비인기
3D프린팅회사,5,1310,53,2,1022.0,2045,0.1463414634146341,0.08823529411764708,0.0,저관련인기
3D프린터제작업체,10,300,32,1,244.0,244,0.0,0.0,0.0,고관련비인기
3D프린트출력,10,1460,54,1,1270.0,1270,0.0,0.0,0.0,저관련인기
피규어소량제작,10,70,6,0,,0,0.0,0.0,0.0,저관련비인기
3D프린터서비스,10,70,7,0,,0,0.0,0.0,0.0,저관련비인기
3D프린터모형,10,470,16,2,382.0,764,0.0,0.0,0.0,저관련비인기
3D프린트출력대행,10,200,0,0,,0,0.0,0.0,0.0,저관련비인기
3D프린터제품,10,310,31,0,,0,0.0,0.0,0.0,저관련비인기
3D프린터출력의뢰,10,660,21,1,536.0,536,0.0,0.0,0.0,고관련비인기
3D프린터건축모형,10,90,9,2,70.0,140,0.0,0.0,0.0,저관련비인기
3D프린터출력업체,10,1100,16,0,,0,0.0,0.0,0.0,고관련비인기
3D시제품,10,1600,9,0,,0,0.0,0.0,0.0,저관련비인기
3D프린터주문제작,2,1000,55,3,670.0,2009,2.6,0.0,0.5,고관련인기
3D프린팅ABS,10,70,0,0,,0,0.0,0.0,0.0,저관련비인기
SLA3D,3,210,18,0,,0,2.0,0.0,0.0,저관련비인기
3D아크릴,3,130,4,0,,0,0.8571428571428571,0.0,0.0,저관련비인기
3D프린터알루미늄,3,140,2,0,,0,1.0,0.0,0.0,저관련비인기
SLS3D,10,70,13,0,,0,0.0,0.0,0.0,저관련비인기
3D프린터활용사례,1,930,77,0,,0,3.7142857142857153,2.0,0.0,저관련인기
컬러3D프린터,10,330,30,0,,0,0.0,0.0,0.0,저관련비인기
3D프린팅견적,10,1010,25,0,,0,0.0,0.0,0.0,저관련비인기
대형3D프린트,10,70,0,0,,0,0.0,0.0,0.0,저관련비인기
청주3D,3,690,5,0,,0,8.857142857142858,0.0,0.0,저관련비인기
3D모델링의뢰,10,790,11,1,624.0,624,0.0,0.0,0.0,고관련비인기
3D모델링가격,10,320,9,0,,0,0.0,0.0,0.0,저관련비인기
3D프린팅대행업체,10,230,6,0,,0,0.0,0.0,0.0,고관련비인기
3D프린터자격증,10,440,1588,9,357.0,3217,0.0,0.0,0.0,저관련인기
3D프린터조립,10,80,37,0,,0,0.0,0.0,0.0,저관련비인기
3D프린터기업,10,150,58,0,,0,0.0,0.0,0.0,저관련인기
세라믹프린터,10,70,17,0,,0,0.0,0.0,0.0,저관련비인기
금속프린팅,10,80,31,2,80.0,160,0.0,0.0,0.0,저관련비인기
CUBEPRO,10,70,8,0,,0,0.0,0.0,0.0,저관련비인기
ENVISIONTEC,10,70,15,0,,0,0.0,0.0,0.0,저관련비인기
FABPRO1000,3,1750,9,0,,0,23.571428571428573,0.0,0.0,저관련비인기
FIGURE4,10,70,7,0,,0,0.0,0.0,0.0,저관련비인기
주얼리3D프린터,10,120,34,1,102.0,102,0.0,0.0,0.0,저관련비인기
프로젯,1,370,58,0,,0,4.142857142857142,0.8333333333333335,0.0,저관련인기
3D프린터시제품,10,2170,26,0,,0,0.0,0.0,0.0,저관련비인기
PROX950,10,70,0,0,,0,0.0,0.0,0.0,저관련비인기
PROX,1,200,369,0,,0,0.8571428571428572,0.10593220338983056,0.0,저관련인기
PROJET660PRO,10,70,3,0,,0,0.0,0.0,0.0,저관련비인기
PROJET1500,10,70,0,0,,0,0.0,0.0,0.0,저관련비인기
3D프린팅의뢰,10,900,30,1,731.0,731,0.0,0.0,0.0,고관련비인기
3D프린트견적,10,190,19,2,190.0,380,0.0,0.0,0.0,저관련비인기
3D프린트시제품,10,310,4,0,,0,0.0,0.0,0.0,저관련비인기
SLA3D프린팅,10,80,18,1,70.0,70,0.0,0.0,0.0,저관련비인기
3D프린팅제작업체,10,360,0,0,,0,0.0,0.0,0.0,고관련비인기
3D건축DESIGN,10,70,3,0,,0,0.0,0.0,0.0,저관련비인기
3D프린터의뢰,1,2570,87,14,2087.0,29223,0.5737704918032787,0.0,2.0,고관련인기
SLA출력대행,10,70,0,0,,0,0.0,0.0,0.0,저관련비인기
3D프린팅주문,10,70,22,1,70.0,70,0.0,0.0,0.0,저관련비인기
3D프린팅비용,10,1000,38,1,812.0,812,0.0,0.0,0.0,저관련비인기
FORM2,10,90,61,0,,0,0.0,0.0,0.0,저관련인기
GEOMAGICFREEFORM,10,70,0,0,,0,0.0,0.0,0.0,저관련비인기
GEOMAGICCONTROLX,10,70,8,0,,0,0.0,0.0,0.0,저관련비인기
3D주문제작,10,110,7,0,,0,0.0,0.0,0.0,고관련비인기
3D의료기기,10,70,8,0,,0,0.0,0.0,0.0,저관련비인기
PROX800,10,70,0,0,,0,0.0,0.0,0.0,저관련비인기
국내3D프린터업체,10,70,4,0,,0,0.0,0.0,0.0,고관련비인기
3D견적,2,1790,2,0,,0,1.2424242424242422,0.0,0.0,저관련비인기
3D프린터정밀도,3,320,5,0,,0,3.5714285714285716,0.0,0.0,저관련비인기
3D프린터자동차,1,2630,53,0,,0,15.57142857142857,1.666666666666666,0.0,저관련인기
3D프린터기술,10,100,81,1,100.0,100,0.0,0.0,0.0,저관련인기
대형3D프린팅,10,1070,13,1,830.0,830,0.0,0.0,0.0,저관련비인기
3D프린팅SLA,10,80,43,0,,0,0.0,0.0,0.0,저관련비인기
3D모델링업체,10,1350,18,1,1121.0,1121,0.0,0.0,0.0,고관련비인기
3D출력업체,10,550,10,4,495.0,1979,0.0,0.0,0.0,고관련비인기
3D프린팅시제품,10,1180,13,0,,0,0.0,0.0,0.0,저관련비인기
3D프린터문의,10,70,0,0,,0,0.0,0.0,0.0,저관련비인기
3D프린터비용,10,190,35,0,,0,0.0,0.0,0.0,저관련비인기
3D프린팅전문가,7,480,256,0,,0,0.11428571428571432,0.009009009009009,0.0,저관련인기
SLM3D프린터,10,70,2,0,,0,0.0,0.0,0.0,저관련비인기
RP장비,10,90,3,0,,0,0.0,0.0,0.0,저관련비인기
SLS방식,3,330,25,0,,0,3.7142857142857144,0.0,0.0,저관련비인기
SLA3D프린트,10,70,0,0,,0,0.0,0.0,0.0,저관련비인기
3D프린터출력서비스,10,180,6,0,,0,0.0,0.0,0.0,저관련비인기
울산3D프린팅,10,90,25,0,,0,0.0,0.0,0.0,저관련비인기
3D프린트의뢰,10,160,23,0,,0,0.0,0.0,0.0,고관련비인기
아크릴3D프린터,3,270,7,0,,0,2.857142857142857,0.0,0.0,저관련비인기
3D프린터출력비용,10,140,26,0,,0,0.0,0.0,0.0,저관련비인기
미니어처만들기,6,440,1436,27,379.0,10237,0.05882352941176472,0.018322082931533312,2.2,저관련인기
3D프린트서비스,10,190,11,0,,0,0.0,0.0,0.0,저관련비인기
알루미늄3D프린터,5,90,3,0,,0,0.2857142857142857,0.0,0.0,저관련비인기
광경화수지,10,70,2,0,,0,0.0,0.0,0.0,저관련비인기
머터리얼라이즈,10,70,48,0,,0,0.0,0.0,0.0,저관련비인기
3D프린터폴리카보네이트,10,70,9,0,,0,0.0,0.0,0.0,저관련비인기
플라스틱레진,1,390,67,0,,0,1.714285714285714,0.32258064516129037,0.0,저관련인기
3D프린터플라스틱,10,70,2,0,,0,0.0,0.0,0.0,저관련비인기
광경화성수지,10,70,39,0,,0,0.0,0.0,0.0,저관련비인기
3D프린터졸업작품,10,70,0,0,,0,0.0,0.0,0.0,저관련비인기
3D프린트비용,10,290,32,0,,0,0.0,0.0,0.0,저관련비인기
자동차모형,6,690,676,8,552.0,4418,0.2325581395348837,0.05158730158730157,0.16666666666666666,저관련인기
3D업체,1,9310,51,1,8280.0,8280,0.4462151394422307,0.0,0.0,고관련인기
투명레진,9,160,108,1,160.0,160,0.3333333333333333,0.2,0.0,저관련인기
3디프린터,4,570,113,2,429.0,858,0.2333333333333334,0.0641025641025641,0.0,저관련인기
3D프린터SLA,7,970,94,2,788.0,1576,0.39130434782608703,0.05714285714285716,0.0,저관련인기
GEOMAGICDESIGNX,10,70,2,0,,0,0.0,0.0,0.0,저관련비인기
대구3D프린터업체,3,100,4,0,,0,0.42857142857142855,0.0,0.0,고관련비인기
판교3D프린터,10,70,0,0,,0,0.0,0.0,0.0,저관련비인기
쓰리디시스템즈,6,70,79,0,,0,0.0,0.0,0.0,저관련인기
알루미늄3D프린팅,10,70,2,0,,0,0.0,0.0,0.0,저관련비인기
분당3D프린터,10,70,0,0,,0,0.0,0.0,0.0,저관련비인기
UNIZ,10,70,26,0,,0,0.0,0.0,0.0,저관련비인기
강남3D프린터,3,810,6,0,,0,10.571428571428571,0.0,0.0,저관련비인기
3DSLA,10,70,2,0,,0,0.0,0.0,0.0,저관련비인기
3DST,10,70,15,0,,0,0.0,0.0,0.0,저관련비인기
DFAM,1,2500,70,0,,0,17.857142857142858,0.4,0.0,저관련인기
3DPRO,10,70,40,0,,0,0.0,0.0,0.0,저관련비인기
폼랩스,10,70,39,2,70.0,140,0.0,0.0,0.0,저관련비인기
3D프린터제작비용,10,70,12,0,,0,0.0,0.0,0.0,저관련비인기
투명3D프린터,10,70,10,0,,0,0.0,0.0,0.0,저관련비인기
아이디어상품만들기,10,70,6,0,,0,0.0,0.0,0.0,저관련비인기
부천3D프린터,10,570,11,0,,0,0.0,0.0,0.0,저관련비인기
쓰리디프로,10,70,18,0,,0,0.0,0.0,0.0,저관련비인기
3D프린터출력견적,10,120,7,0,,0,0.0,0.0,0.0,저관련비인기
ABS3D프린팅,10,70,0,0,,0,0.0,0.0,0.0,저관련비인기
3D프린터제품제작,10,190,5,0,,0,0.0,0.0,0.0,고관련비인기
3D프린팅시제품제작,10,410,8,0,,0,0.0,0.0,0.0,고관련비인기
메탈프린터,10,120,14,1,70.0,70,0.0,0.0,0.0,저관련비인기
3D프린터외주,2,370,60,7,231.0,1614,3.2857142857142856,1.4705882352941175,0.5,저관련인기
쓰리디프린터,10,1550,95,1,1219.0,1219,0.0,0.0,0.0,저관련인기
메이커봇,8,280,354,4,233.0,931,0.2631578947368421,0.04452054794520546,0.5,저관련인기
3D프린팅출력대행,10,260,20,0,,0,0.0,0.0,0.0,저관련비인기
천안3D프린팅,10,70,37,0,,0,0.0,0.0,0.0,저관련비인기
SLA방식3D프린터,10,70,3,0,,0,0.0,0.0,0.0,저관련비인기
3D프린터도장,10,70,5,0,,0,0.0,0.0,0.0,저관련비인기
ABS3D프린터,10,100,2,0,,0,0.0,0.0,0.0,저관련비인기
3D프린터샵,10,70,8,1,70.0,70,0.0,0.0,0.0,저관련비인기
대학생졸업작품,10,70,2,0,,0,0.0,0.0,0.0,저관련비인기
다만드러,1,70,52,0,,0,0.0,0.0,0.0,저관련인기
김포3D프린터,10,70,1,0,,0,0.0,0.0,0.0,저관련비인기
구로3D프린터,3,920,7,0,,0,12.142857142857142,0.0,0.0,저관련비인기
고무3D프린터,3,140,2,0,,0,1.0,0.0,0.0,저관련비인기
안양3D프린팅,10,70,0,0,,0,0.0,0.0,0.0,저관련비인기
쉐이프엔진,10,70,4,0,,0,0.0,0.0,0.0,저관련비인기
목포3D프린터,10,70,5,0,,0,0.0,0.0,0.0,저관련비인기
목업시제품,10,70,11,0,,0,0.0,0.0,0.0,저관련비인기
플라스틱3D프린팅,3,140,4,0,,0,1.0,0.0,0.0,저관련비인기
투명출력,10,270,26,4,240.0,962,0.0,0.0,0.0,저관련비인기
저렴한3D프린터,10,130,12,0,,0,0.0,0.0,0.0,저관련비인기
용인3D프린터,10,210,9,0,,0,0.0,0.0,0.0,저관련비인기
경남3D프린터,10,70,3,0,,0,0.0,0.0,0.0,저관련비인기
3D프린팅기업,10,70,12,0,,0,0.0,0.0,0.0,저관련비인기
장비제조,10,70,4,0,,0,0.0,0.0,0.0,고관련비인기
실리콘3D프린팅,10,70,1,1,70.0,70,0.0,0.0,0.0,저관련비인기
3D시제품제작,10,2720,13,1,2335.0,2335,0.0,0.0,0.0,고관련비인기
3D프린터목업제작,10,910,3,0,,0,0.0,0.0,0.0,고관련비인기
3D프린팅레진,10,70,15,0,,0,0.0,0.0,0.0,저관련비인기
플라스틱시제품,10,110,4,0,,0,0.0,0.0,0.0,저관련비인기
3D프린팅제품,10,130,14,0,,0,0.0,0.0,0.0,저관련비인기
레진3D프린팅,10,70,5,0,,0,0.0,0.0,0.0,저관련비인기
3D스토리,10,70,27,0,,0,0.0,0.0,0.0,저관련비인기
FINEBOT,10,70,15,0,,0,0.0,0.0,0.0,저관련비인기
레진3D프린터,9,70,206,1,70.0,70,0.0,0.0,0.0,저관련인기
3DSCAN,10,4700,55,1,4242.0,4242,0.0,0.0,0.0,저관련인기
3D대행,10,420,5,0,,0,0.0,0.0,0.0,저관련비인기
SLA프린팅,10,70,28,0,,0,0.0,0.0,0.0,저관련비인기
귀모형,6,480,136,0,,0,0.08108108108108109,0.019230769230769273,0.0,저관련인기
피규어제작의뢰,10,80,9,0,,0,0.0,0.0,0.0,저관련비인기
3D출력소,10,610,3,0,,0,0.0,0.0,0.0,저관련비인기
3D조형물제작,10,70,0,0,,0,0.0,0.0,0.0,고관련비인기
3D프린터피규어제작,10,270,12,0,,0,0.0,0.0,0.0,저관련비인기
DLP출력,10,70,2,0,,0,0.0,0.0,0.0,저관련비인기
3D피큐어,10,70,0,0,,0,0.0,0.0,0.0,저관련비인기
시제품제작소,10,430,16,1,430.0,430,0.0,0.0,0.0,저관련비인기
커버주문제작,10,70,20,0,,0,0.0,0.0,0.0,고관련비인기
피큐어만들기,10,70,0,0,,0,0.0,0.0,0.0,저관련비인기
피규어제작회사,10,110,9,1,81.0,81,0.0,0.0,0.0,저관련비인기
3D프린터견적,7,1220,52,3,943.0,2829,0.3125,0.2285714285714286,0.5,저관련인기
SLS프린터,10,80,42,1,80.0,80,0.0,0.0,0.0,저관련비인기
3차원프린터,10,1310,30,0,,0,0.0,0.0,0.0,저관련비인기
3D프린팅방법,10,70,23,0,,0,0.0,0.0,0.0,저관련비인기
김해3D프린터,10,70,3,0,,0,0.0,0.0,0.0,저관련비인기
3D프린팅외주,10,70,10,6,70.0,420,0.0,0.0,0.0,저관련비인기
실리콘3D프린터,10,90,34,1,89.0,89,0.0,0.0,0.0,저관련비인기
금속3D프린팅,9,240,135,5,75.0,375,0.5,0.16379310344827586,0.0,저관련인기
3D쿠키,10,70,39,0,,0,0.0,0.0,0.0,저관련비인기
자동차3D프린터,3,1630,9,0,,0,22.285714285714285,0.0,0.0,저관련비인기
의정부3D프린터,10,70,2,0,,0,0.0,0.0,0.0,저관련비인기
3D프린터의료,1,660,84,0,,0,3.1428571428571432,0.40740740740740744,0.0,저관련인기
3D프린트제작업체,3,290,6,0,,0,3.142857142857143,0.0,0.0,고관련비인기
용산3D프린터,3,590,4,0,,0,7.428571428571429,0.0,0.0,저관련비인기
시제품제작지원사업,10,460,81,1,460.0,460,0.0,0.0,0.0,저관련인기
폼랩,5,70,81,0,,0,0.0,0.0,0.0,저관련인기
3D프린팅주문제작,10,100,13,1,100.0,100,0.0,0.0,0.0,고관련비인기
SLS3D프린터,10,370,36,5,225.0,1126,0.0,0.0,0.0,저관련비인기
치과3D프린터,10,80,40,0,,0,0.0,0.0,0.0,저관련비인기
3D프린터사용법,10,70,95,0,,0,0.0,0.0,0.0,저관련인기
플라스틱3D프린터,10,70,6,0,,0,0.0,0.0,0.0,저관련비인기
POLYJET,10,70,22,0,,0,0.0,0.0,0.0,저관련비인기
서울3D프린터,10,260,16,0,,0,0.0,0.0,0.0,저관련비인기
3D프린터기,10,1680,174,2,1501.0,3002,0.0,0.0,0.0,저관련인기
고무3D프린팅,10,70,6,0,,0,0.0,0.0,0.0,저관련비인기
3D프린터제조업체,10,320,14,0,,0,0.0,0.0,0.0,고관련비인기
FDM출력,10,70,3,0,,0,0.0,0.0,0.0,저관련비인기
3D프린팅출력서비스,3,540,3,0,,0,6.714285714285714,0.0,0.0,저관련비인기
3D,10,1950,3609,5,1950.0,9750,0.0,0.0,0.0,저관련인기
3D프린팅도색,10,70,17,0,,0,0.0,0.0,0.0,저관련비인기
FORMLAB,10,70,9,0,,0,0.0,0.0,0.0,저관련비인기
3D프린터공방,10,70,47,1,70.0,70,0.0,0.0,0.0,저관련비인기
3D프린터금속,10,90,47,0,,0,0.0,0.0,0.0,저관련비인기
3D프린터레진,10,320,173,2,259.0,518,0.0,0.0,0.0,저관련인기
힌지제작,10,70,0,0,,0,0.0,0.0,0.0,고관련비인기
투명3D프린팅,3,80,1,0,,0,0.14285714285714285,0.0,0.0,저관련비인기
아바타제작,10,70,8,0,,0,0.0,0.0,0.0,고관련비인기
CAM작업,10,70,8,0,,0,0.0,0.0,0.0,저관련비인기
주문제작피규어,10,320,20,1,247.0,247,0.0,0.0,0.0,저관련비인기
안양3D프린터,10,280,12,0,,0,0.0,0.0,0.0,저관련비인기
전북3D프린터,10,70,4,0,,0,0.0,0.0,0.0,저관련비인기
CEPTECH,10,70,30,0,,0,0.0,0.0,0.0,저관련비인기
졸업작품,10,2350,324,1,1955.0,1955,0.0,0.0,0.0,저관련인기
건축모형제작업체,10,670,4,0,,0,0.0,0.0,0.0,고관련비인기
3D프린터가공업체,4,190,1,0,,0,0.875,0.0,0.0,저관련비인기
3D프린터설계도,3,210,8,0,,0,2.0,0.0,0.0,저관련비인기
3D간판,5,370,52,3,301.0,902,0.18181818181818177,0.08333333333333331,0.0,저관련인기
3D프린팅국비지원,10,70,9,0,,0,0.0,0.0,0.0,저관련비인기
3D프린터행사,10,70,0,0,,0,0.0,0.0,0.0,저관련비인기
3D프린터조명,10,70,5,0,,0,0.0,0.0,0.0,저관련비인기
PCB하우징,10,70,0,0,,0,0.0,0.0,0.0,저관련비인기
GEOMAGIC,10,70,24,0,,0,0.0,0.0,0.0,저관련비인기
DLP프린팅,10,70,12,0,,0,0.0,0.0,0.0,저관련비인기
3D출력의뢰,10,70,0,0,,0,0.0,0.0,0.0,고관련비인기
부산3D프린터출력,7,150,1,0,,0,0.8571428571428571,0.0,0.0,저관련비인기
3D프린팅사업,3,550,11,0,,0,6.857142857142857,0.0,0.0,저관련비인기
시편제작,5,2210,78,3,1816.0,5447,0.17592592592592593,0.0,0.5,고관련인기
바이오3D프린터,10,70,9,0,,0,0.0,0.0,0.0,저관련비인기
3D프린팅DLP,10,70,17,0,,0,0.0,0.0,0.0,저관련비인기
VOXELJET,10,70,0,0,,0,0.0,0.0,0.0,저관련비인기
METAL3DPRINTING,10,70,13,0,,0,0.0,0.0,0.0,저관련비인기
3DPRINTERSLA,10,70,0,0,,0,0.0,0.0,0.0,저관련비인기
EXONE,1,70,120,0,,0,0.0,0.0,0.0,저관련인기
초정밀3D프린터,10,70,13,0,,0,0.0,0.0,0.0,저관련비인기
3D이미지,6,920,104,1,827.0,827,0.0869565217391304,0.11267605633802819,0.0,저관련인기
수원3D프린팅,10,100,11,1,70.0,70,0.0,0.0,0.0,저관련비인기
피규어대량제작,10,220,8,1,220.0,220,0.0,0.0,0.0,저관련비인기
전시물제작,10,480,10,0,,0,0.0,0.0,0.0,고관련비인기
의료용3D프린터,10,110,30,0,,0,0.0,0.0,0.0,저관련비인기
시제품견적,3,610,16,0,,0,7.714285714285714,0.0,0.0,저관련비인기
안산3D프린터,10,120,0,0,,0,0.0,0.0,0.0,저관련비인기
안산3D프린팅,10,100,8,0,,0,0.0,0.0,0.0,저관련비인기
시제품제작비용,10,830,14,0,,0,0.0,0.0,0.0,저관련비인기
서울3D프린팅,10,200,18,0,,0,0.0,0.0,0.0,저관련비인기
구미3D프린팅,10,70,6,0,,0,0.0,0.0,0.0,저관련비인기
피규어제작비용,10,70,8,1,70.0,70,0.0,0.0,0.0,저관련비인기
SLA방식,8,180,108,0,,0,0.5,0.13580246913580246,0.0,저관련인기
제품랜더링,2,100,4,0,,0,0.14285714285714285,0.0,0.0,저관련비인기
3D프린터구매,10,580,16,2,472.0,943,0.0,0.0,0.0,저관련비인기
금속프린터,10,360,27,1,218.0,218,0.0,0.0,0.0,저관련비인기
쾌속조형기,10,70,6,0,,0,0.0,0.0,0.0,저관련비인기
3D프린터장비,10,80,3,0,,0,0.0,0.0,0.0,저관련비인기
하우징,10,410,3167,1,333.0,333,0.0,0.0,0.0,저관련인기
서울3D프린트,3,320,3,0,,0,3.5714285714285716,0.0,0.0,저관련비인기
샘플,10,120,3971,2,120.0,240,0.0,0.0,0.0,저관련인기
특허상품,10,180,49,1,159.0,159,0.0,0.0,0.0,저관련비인기
전시제품,8,180,81,3,175.0,524,0.13333333333333336,0.21311475409836061,0.5,저관련인기
레진피규어제작,10,70,5,0,,0,0.0,0.0,0.0,저관련비인기
폼투,10,70,0,0,,0,0.0,0.0,0.0,저관련비인기
외주업체,2,1200,378,2,1200.0,2400,0.5897435897435899,0.0,1.0,고관련인기
FORMLABS,10,70,114,0,,0,0.0,0.0,0.0,저관련인기
3D프린터사업,7,260,59,0,,0,0.2222222222222222,0.06976744186046513,0.0,저관련인기
플라스틱프린터,4,80,1,0,,0,0.14285714285714285,0.0,0.0,저관련비인기
MATERIALISEMAGICS,10,70,15,0,,0,0.0,0.0,0.0,저관련비인기
부산3D프린터,10,1670,66,1,1356.0,1356,0.0,0.0,0.0,저관련인기
피규어주문,10,140,7,0,,0,0.0,0.0,0.0,저관련비인기
아이디어시제품,10,70,1,0,,0,0.0,0.0,0.0,저관련비인기
산업모형,10,2130,4,0,,0,0.0,0.0,0.0,저관련비인기
3D프린터미니어처,10,70,6,0,,0,0.0,0.0,0.0,저관련비인기
3D프린터쥬얼리,10,70,3,0,,0,0.0,0.0,0.0,저관련비인기
3D작업,10,2600,78,0,,0,0.0,0.0,0.0,저관련인기
목업제작비용,10,1580,4,0,,0,0.0,0.0,0.0,저관련비인기
포항3D프린터,3,480,12,0,,0,5.857142857142857,0.0,0.0,저관련비인기
RP출력,10,150,20,0,,0,0.0,0.0,0.0,저관련비인기
스토퍼제작,10,70,2,0,,0,0.0,0.0,0.0,고관련비인기
시제품제작의뢰,10,70,0,0,,0,0.0,0.0,0.0,고관련비인기
3D프린터모델,1,1230,52,0,,0,9.42857142857143,0.5666666666666667,0.0,저관련인기
3D프린터도색,9,240,57,0,,0,0.043478260869565216,0.017857142857142856,0.0,저관련인기
UVRESIN,10,70,27,0,,0,0.0,0.0,0.0,저관련비인기
프로토타입제작,10,130,49,0,,0,0.0,0.0,0.0,저관련비인기
천안3D프린터,10,240,18,0,,0,0.0,0.0,0.0,저관련비인기
국산3D프린터,10,130,41,2,130.0,260,0.0,0.0,0.0,저관련비인기
3D프린터렌트,10,70,11,3,70.0,210,0.0,0.0,0.0,저관련비인기
목업제작,9,6270,530,1,5444.0,5444,0.0663265306122449,0.0728744939271255,0.0,고관련인기
대구3D프린터출력,10,70,3,0,,0,0.0,0.0,0.0,저관련비인기
카본3D프린터,10,70,27,0,,0,0.0,0.0,0.0,저관련비인기
캡스톤아이디어,10,70,4,0,,0,0.0,0.0,0.0,저관련비인기
케이크모형제작,10,70,3,0,,0,0.0,0.0,0.0,고관련비인기
케익모형제작,10,70,0,0,,0,0.0,0.0,0.0,고관련비인기
3DVMFLSXJ,10,70,5,0,,0,0.0,0.0,0.0,저관련비인기
3D프린터신발,3,110,6,0,,0,0.5714285714285714,0.0,0.0,저관련비인기
3D프린터이벤트,10,70,0,0,,0,0.0,0.0,0.0,저관련비인기
3D프린터작업,10,70,8,0,,0,0.0,0.0,0.0,저관련비인기
3D프린터전시,3,110,1,0,,0,0.5714285714285714,0.0,0.0,저관련비인기
3D프린터홍대,10,70,0,0,,0,0.0,0.0,0.0,저관련비인기
3D프린터화장품,10,70,7,0,,0,0.0,0.0,0.0,저관련비인기
3D시스템,10,70,5,0,,0,0.0,0.0,0.0,저관련비인기
초고속3D프린터,10,70,8,0,,0,0.0,0.0,0.0,저관련비인기
입체프린터,10,70,1,0,,0,0.0,0.0,0.0,저관련비인기
의료3D프린터,10,70,1,0,,0,0.0,0.0,0.0,저관련비인기
기업용3D프린터,10,70,1,0,,0,0.0,0.0,0.0,저관련비인기
고속3D프린터,10,70,11,0,,0,0.0,0.0,0.0,저관련비인기
개인용3D프린터,3,690,3,0,,0,8.857142857142858,0.0,0.0,저관련비인기
3D프린트제작과활용,10,70,3,0,,0,0.0,0.0,0.0,저관련비인기
3D프린터정보,10,70,0,0,,0,0.0,0.0,0.0,저관련비인기
3D금속프린터,10,180,19,2,78.0,156,0.0,0.0,0.0,저관련비인기
발명품제작,10,1150,13,3,961.0,2884,0.0,0.0,0.0,고관련비인기
HP3D,10,70,9,0,,0,0.0,0.0,0.0,저관련비인기
HP3DPRINTER,10,70,7,0,,0,0.0,0.0,0.0,저관련비인기
HPJETFUSION,10,70,0,0,,0,0.0,0.0,0.0,저관련비인기
메탈3D프린팅,10,150,12,0,,0,0.0,0.0,0.0,저관련비인기
몰드,9,410,2402,13,371.0,4825,0.025,0.00502092050209205,0.18181818181818182,저관련인기
디자인소품,10,270,302,23,242.0,5570,0.0,0.0,0.0,저관련인기
3D프린터샘플,10,110,37,5,107.0,536,0.0,0.0,0.0,저관련비인기
부산3D프린팅,10,790,27,1,70.0,70,0.0,0.0,0.0,저관련비인기
3D프린트외주,10,70,0,0,,0,0.0,0.0,0.0,저관련비인기
치과용3D프린터,10,220,21,0,,0,0.0,0.0,0.0,저관련비인기
FDM프린터,10,100,88,2,70.0,140,0.0,0.0,0.0,저관련인기
FDM3D,10,70,22,0,,0,0.0,0.0,0.0,저관련비인기
CONTROLX,10,70,2,0,,0,0.0,0.0,0.0,저관련비인기
GE3D프린터,10,70,0,0,,0,0.0,0.0,0.0,저관련비인기
GEOMAGICWRAP,10,70,0,0,,0,0.0,0.0,0.0,저관련비인기
3D목업제작,10,3250,9,2,2792.0,5584,0.0,0.0,0.0,고관련비인기
3D프린팅지원,10,70,0,0,,0,0.0,0.0,0.0,저관련비인기
종로RP,10,70,9,0,,0,0.0,0.0,0.0,저관련비인기
특허제작,10,70,1,0,,0,0.0,0.0,0.0,고관련비인기
3D프린터소재,9,370,123,0,,0,0.12121212121212122,0.025,0.0,저관련인기
SLS3D프린팅,10,70,6,0,,0,0.0,0.0,0.0,저관련비인기
부산디오라마,10,70,18,0,,0,0.0,0.0,0.0,저관련비인기
신제품개발,10,1180,157,3,1115.0,3346,0.0,0.0,0.0,저관련인기
3D모델링사이트,3,1090,178,0,,0,0.34042553191489355,0.026548672566371723,0.0,저관련인기
산업용CT,10,240,27,1,195.0,195,0.0,0.0,0.0,저관련비인기
UPRINTSE,10,70,1,0,,0,0.0,0.0,0.0,저관련비인기
3D프린터피규어,10,1240,147,4,1058.0,4234,0.0,0.0,0.0,저관련인기
해병대피규어,10,80,10,3,80.0,240,0.0,0.0,0.0,저관련비인기
3D프린트제품,10,70,0,0,,0,0.0,0.0,0.0,저관련비인기
졸업작품만들기,10,140,22,0,,0,0.0,0.0,0.0,저관련비인기
철도모형,6,280,382,4,228.0,910,0.04166666666666666,0.005540166204986152,0.0,저관련인기
XYZ프린터,10,70,18,0,,0,0.0,0.0,0.0,저관련비인기
건물모형,9,700,90,0,,0,0.14754098360655737,0.07142857142857142,0.0,저관련인기
XYZ프린팅,10,70,18,0,,0,0.0,0.0,0.0,저관련비인기
XYZ3D프린터,10,70,13,0,,0,0.0,0.0,0.0,저관련비인기
건축모형,10,4190,480,1,3502.0,3502,0.0,0.0,0.0,저관련인기
기차모형,8,210,412,7,198.0,1387,0.1111111111111111,0.015706806282722516,0.0,저관련인기
XYZPRINTING,5,120,6,0,,0,0.7142857142857143,0.0,0.0,저관련비인기
셀프제작소,10,70,11,0,,0,0.0,0.0,0.0,저관련비인기
요트모형,10,70,38,1,70.0,70,0.0,0.0,0.0,저관련비인기
3D피규어상패,10,540,10,1,417.0,417,0.0,0.0,0.0,저관련비인기
전시품제작,10,70,0,0,,0,0.0,0.0,0.0,고관련비인기
산업용3D프린팅,10,70,2,0,,0,0.0,0.0,0.0,저관련비인기
스탬프제작기계,10,70,6,0,,0,0.0,0.0,0.0,저관련비인기
굿즈제작,5,2170,2646,156,1766.0,275535,0.21705426356589147,0.07292707292707293,0.42105263157894735,고관련인기
아크릴기계,10,70,7,0,,0,0.0,0.0,0.0,저관련비인기
제작피규어,10,110,13,1,76.0,76,0.0,0.0,0.0,저관련비인기
금속3D프린트,10,70,0,0,,0,0.0,0.0,0.0,저관련비인기
특허시제품제작,10,410,5,0,,0,0.0,0.0,0.0,고관련비인기
상품개발,9,590,267,0,,0,0.07272727272727272,0.022988505747126436,0.0,저관련인기
선박모형,10,160,29,0,,0,0.0,0.0,0.0,저관련비인기
3D프린터작품,9,120,67,0,,0,0.2,0.015151515151515152,0.0,저관련인기
3D프린터건축,8,240,774,0,,0,0.4285714285714286,0.016152716593245228,0.0,저관련인기
전문가용3D프린터,10,260,6,0,,0,0.0,0.0,0.0,저관련비인기
피규어커스텀,10,70,32,1,70.0,70,0.0,0.0,0.0,저관련비인기
플라스틱제조,2,900,142,11,774.0,8515,0.13207547169811318,0.0,1.2,고관련인기
SLMSOLUTIONS,10,70,12,0,,0,0.0,0.0,0.0,저관련비인기
의료용3D프린팅,10,70,5,0,,0,0.0,0.0,0.0,저관련비인기
산업용프린터,10,5140,61,2,4446.0,8891,0.0,0.0,0.0,저관련인기
3D감사패,10,430,58,1,349.0,349,0.0,0.0,0.0,저관련인기
3D조각,10,460,17,0,,0,0.0,0.0,0.0,저관련비인기
STRATASYS,2,440,174,1,440.0,440,4.285714285714286,1.4117647058823528,0.0,저관련인기
정밀3D프린터,10,420,22,1,305.0,305,0.0,0.0,0.0,저관련비인기
3D샘플,10,70,5,0,,0,0.0,0.0,0.0,저관련비인기
FDM,4,790,727,4,638.0,2553,0.3055555555555556,0.011764705882352955,0.0,저관련인기
3D조각기,10,230,18,1,173.0,173,0.0,0.0,0.0,저관련비인기
EVOLVE,7,70,4143,3,70.0,210,0.0,0.0,0.0,저관련인기
의료3D프린트,10,70,0,0,,0,0.0,0.0,0.0,저관련비인기
소형3D프린터,10,180,17,2,180.0,360,0.0,0.0,0.0,저관련비인기
J750,10,70,9,0,,0,0.0,0.0,0.0,저관련비인기
메탈3D프린트,10,70,3,0,,0,0.0,0.0,0.0,저관련비인기
METAL3D,10,70,9,0,,0,0.0,0.0,0.0,저관련비인기
실사피규어,10,250,37,2,234.0,467,0.0,0.0,0.0,저관련비인기
VISIJET,10,70,5,0,,0,0.0,0.0,0.0,저관련비인기
폴리젯3D프린터,10,70,0,0,,0,0.0,0.0,0.0,저관련비인기
MAGICS,10,70,10,0,,0,0.0,0.0,0.0,저관련비인기
3D몰드,10,80,26,2,70.0,140,0.0,0.0,0.0,저관련비인기
졸업작품업체,10,400,7,0,,0,0.0,0.0,0.0,고관련비인기
졸업작품대행업체,10,100,3,0,,0,0.0,0.0,0.0,고관련비인기
졸작,9,210,631,0,,0,0.16666666666666666,0.03273322422258593,0.0,저관련인기
졸작대행,10,200,15,1,160.0,160,0.0,0.0,0.0,저관련비인기
폴리젯프린터,10,70,0,0,,0,0.0,0.0,0.0,저관련비인기
발명시제품,10,170,3,0,,0,0.0,0.0,0.0,저관련비인기
플라스틱가공업체,10,310,31,0,,0,0.0,0.0,0.0,저관련비인기
조형물제작업체,8,3590,178,2,3189.0,6378,0.058461538461538454,0.011560693641618498,0.0,고관련인기
조형물제작비용,10,240,4,0,,0,0.0,0.0,0.0,저관련비인기
제품개발,10,4550,441,0,,0,0.0,0.0,0.0,저관련인기
자동차모형만들기,9,110,64,1,94.0,94,0.1,0.03225806451612903,0.0,저관련인기
아파트모형제작,10,380,4,0,,0,0.0,0.0,0.0,고관련비인기
아파트모형만들기,10,70,4,0,,0,0.0,0.0,0.0,저관련비인기
시제품제작터,10,860,25,0,,0,0.0,0.0,0.0,저관련비인기
시제품생산,10,220,16,0,,0,0.0,0.0,0.0,고관련비인기
시제품만들기,10,80,10,1,70.0,70,0.0,0.0,0.0,저관련비인기
샘플제작업체,10,370,7,0,,0,0.0,0.0,0.0,고관련비인기
목업사이트,10,440,1455,0,,0,0.0,0.0,0.0,저관련인기
건물모형제작,10,500,7,0,,0,0.0,0.0,0.0,고관련비인기
수원3D프린터,10,600,17,3,484.0,1451,0.0,0.0,0.0,저관련비인기
콘크리트3D프린터,10,70,6,0,,0,0.0,0.0,0.0,저관련비인기
3D프린터POLYJET,10,70,4,0,,0,0.0,0.0,0.0,저관련비인기
3D프린터대리점,10,70,0,0,,0,0.0,0.0,0.0,저관련비인기
3D프린터나일론,10,70,0,0,,0,0.0,0.0,0.0,저관련비인기
3D프린터센터,10,70,7,0,,0,0.0,0.0,0.0,저관련비인기
왁스3D프린터,10,70,11,0,,0,0.0,0.0,0.0,저관련비인기
제주3D프린터,10,70,11,0,,0,0.0,0.0,0.0,저관련비인기
자작3D프린터,10,70,19,0,,0,0.0,0.0,0.0,저관련비인기
석고3D프린터,10,70,1,0,,0,0.0,0.0,0.0,저관련비인기
3D프린터자료,10,70,25,0,,0,0.0,0.0,0.0,저관련비인기
헵시바3D프린터,10,70,0,0,,0,0.0,0.0,0.0,저관련비인기
캐리마3D프린터,10,70,9,0,,0,0.0,0.0,0.0,저관련비인기
3D프린터주문,10,80,39,3,80.0,240,0.0,0.0,0.0,저관련비인기
3D프린터인형,10,80,13,3,70.0,210,0.0,0.0,0.0,저관련비인기
3D프린터공유,10,70,15,0,,0,0.0,0.0,0.0,저관련비인기
건설3D프린터,10,70,37,0,,0,0.0,0.0,0.0,저관련비인기
3D프린터부품제작,10,70,7,0,,0,0.0,0.0,0.0,고관련비인기
PCB3D프린터,10,70,8,0,,0,0.0,0.0,0.0,저관련비인기
CJP3D프린터,10,70,0,0,,0,0.0,0.0,0.0,저관련비인기
3D프린터하우스,10,70,7,0,,0,0.0,0.0,0.0,저관련비인기
3D프린터하는법,10,70,9,0,,0,0.0,0.0,0.0,저관련비인기
3D프린터크기,10,70,7,0,,0,0.0,0.0,0.0,저관련비인기
3D프린터커뮤니티,10,70,7,0,,0,0.0,0.0,0.0,저관련비인기
3D프린터주얼리,10,70,3,0,,0,0.0,0.0,0.0,저관련비인기
모형만들기,7,360,174,2,292.0,585,0.20833333333333331,0.128,0.0,저관련인기
플라스틱성형업체,10,70,6,0,,0,0.0,0.0,0.0,고관련비인기
MATERIALISE,1,820,199,0,,0,5.57142857142857,0.916666666666667,0.0,저관련인기
INSPIRE,10,100,4584,0,,0,0.0,0.0,0.0,저관련인기
조형물만들기,10,70,3,0,,0,0.0,0.0,0.0,저관련비인기
시제품개발,10,3750,54,1,3294.0,3294,0.0,0.0,0.0,저관련인기
FDM방식3D프린터,10,70,0,0,,0,0.0,0.0,0.0,저관련비인기
듀얼노즐,10,70,4,0,,0,0.0,0.0,0.0,저관련비인기
대구3D프린트,10,70,0,0,,0,0.0,0.0,0.0,저관련비인기
건물모형만들기,10,70,5,0,,0,0.0,0.0,0.0,저관련비인기
SLM,10,180,357,0,,0,0.0,0.0,0.0,저관련인기
목업만들기,1,1690,106,0,,0,17.428571428571427,1.2222222222222223,0.0,저관련인기
자동차모형제작,10,280,7,1,280.0,280,0.0,0.0,0.0,저관련비인기
METAL3DPRINTER,10,70,7,0,,0,0.0,0.0,0.0,저관련비인기
광주3D,10,90,5,0,,0,0.0,0.0,0.0,저관련비인기
얼티메이커,7,70,183,3,70.0,210,0.0,0.0,0.0,저관련인기
ULTIMAKER,10,70,152,0,,0,0.0,0.0,0.0,저관련인기
3D프린터AS,10,70,4,0,,0,0.0,0.0,0.0,저관련비인기
액상3D프린터,10,70,4,0,,0,0.0,0.0,0.0,저관련비인기
플라스틱모형제작,10,610,8,1,523.0,523,0.0,0.0,0.0,고관련비인기
3D프린팅기술,1,880,161,0,,0,3.571428571428571,0.18548387096774194,0.0,저관련인기
대전3D프린트,10,190,18,1,151.0,151,0.0,0.0,0.0,저관련비인기
EOS3D프린터,10,70,15,0,,0,0.0,0.0,0.0,저관련비인기
3D프린터수리,7,70,63,0,,0,0.0,0.0,0.0,저관련인기
풀컬러3D프린터,10,100,8,1,70.0,70,0.0,0.0,0.0,저관련비인기
대전시제품,10,390,6,0,,0,0.0,0.0,0.0,저관련비인기
대전3D,10,1260,11,0,,0,0.0,0.0,0.0,저관련비인기
DLP방식,1,740,54,0,,0,2.571428571428571,0.5714285714285714,0.0,저관련인기
DLP방식3D프린터,10,70,0,0,,0,0.0,0.0,0.0,저관련비인기
3D도안,1,260,206,0,,0,1.7142857142857144,1.9782608695652173,0.0,저관련인기
인테리어디자인의뢰,10,70,4,0,,0,0.0,0.0,0.0,고관련비인기
광경화3D프린터,10,70,1,0,,0,0.0,0.0,0.0,저관련비인기
대전3D프린팅,10,350,24,0,,0,0.0,0.0,0.0,저관련비인기
3D사진,7,550,176,2,447.0,894,0.09090909090909091,0.11450381679389315,0.0,저관련인기
3D인형,10,110,45,0,,0,0.0,0.0,0.0,저관련비인기
레진피규어,10,130,672,32,128.0,4085,0.0,0.0,0.0,저관련인기
피규어만드는법,10,70,17,0,,0,0.0,0.0,0.0,저관련비인기
LCD3D프린터,10,70,20,0,,0,0.0,0.0,0.0,저관련비인기
ULTIMAKER2+,10,70,3,0,,0,0.0,0.0,0.0,저관련비인기
3D회사,10,740,26,0,,0,0.0,0.0,0.0,저관련비인기
3D프린터박람회,10,70,12,0,,0,0.0,0.0,0.0,저관련비인기
CAD작업,10,120,16,0,,0,0.0,0.0,0.0,저관련비인기
모형제작비용,10,280,0,0,,0,0.0,0.0,0.0,저관련비인기
샘플만들기,10,70,7,0,,0,0.0,0.0,0.0,저관련비인기
리플리케이터,10,70,4,0,,0,0.0,0.0,0.0,저관련비인기
Z18,10,70,6,0,,0,0.0,0.0,0.0,저관련비인기
3D프린터제조,10,190,15,1,181.0,181,0.0,0.0,0.0,고관련비인기
유니버셜레이져,10,70,0,0,,0,0.0,0.0,0.0,저관련비인기
국내3D프린터,10,130,31,0,,0,0.0,0.0,0.0,저관련비인기
용기인쇄,10,210,44,0,,0,0.0,0.0,0.0,저관련비인기
ULTIMAKER2,10,70,1,1,70.0,70,0.0,0.0,0.0,저관련비인기
제트프린터,10,80,10,0,,0,0.0,0.0,0.0,저관련비인기
투명3D프린트,10,70,0,0,,0,0.0,0.0,0.0,저관련비인기
3D4U,1,430,54,0,,0,1.1428571428571432,0.16666666666666674,0.0,저관련인기
3DI,2,70,138,0,,0,0.0,0.0,0.0,저관련인기
3DP-110F,10,70,10,0,,0,0.0,0.0,0.0,저관련비인기
3DPPT,10,70,26,0,,0,0.0,0.0,0.0,저관련비인기
3D글룩,10,70,0,0,,0,0.0,0.0,0.0,저관련비인기
3D마우스,8,100,169,0,,0,0.2857142857142857,0.10344827586206896,0.0,저관련인기
3D메탈프린터,10,120,8,1,70.0,70,0.0,0.0,0.0,저관련비인기
3D측정장비,10,90,0,0,,0,0.0,0.0,0.0,저관련비인기
3D프린트기,5,500,61,0,,0,0.2903225806451613,0.27777777777777773,0.0,저관련인기
3D프린팅모델,10,70,7,0,,0,0.0,0.0,0.0,저관련비인기
3D프린팅소재,10,70,19,0,,0,0.0,0.0,0.0,저관련비인기
CAD3D,7,930,161,0,,0,0.1492537313432836,0.07758620689655171,0.0,저관련인기
SLM프린터,10,70,9,0,,0,0.0,0.0,0.0,저관련비인기
대구3D,10,460,37,0,,0,0.0,0.0,0.0,저관련비인기
왁스프린터,10,70,6,0,,0,0.0,0.0,0.0,저관련비인기
EOS3DPRINTER,10,70,3,0,,0,0.0,0.0,0.0,저관련비인기
폴리젯,10,70,8,0,,0,0.0,0.0,0.0,저관련비인기
일산오토캐드,10,70,0,0,,0,0.0,0.0,0.0,저관련비인기
대구3D프린팅,10,290,25,1,290.0,290,0.0,0.0,0.0,저관련비인기
MAKERBOTREPLICATOR+,10,70,12,0,,0,0.0,0.0,0.0,저관련비인기
모형업체,10,680,23,1,602.0,602,0.0,0.0,0.0,고관련비인기
대구3D프린터,8,540,93,2,438.0,877,0.21052631578947367,0.011764705882352941,0.0,저관련인기
와우3D,10,70,5,0,,0,0.0,0.0,0.0,저관련비인기
산업용3D프린터가격,10,170,0,0,,0,0.0,0.0,0.0,저관련비인기
DESKTOPMETAL,1,70,249,0,,0,0.0,0.0,0.0,저관련인기
실리콘시제품,10,70,4,0,,0,0.0,0.0,0.0,저관련비인기
인천오토캐드,10,1350,0,0,,0,0.0,0.0,0.0,저관련비인기
설계용역,7,3290,232,2,2656.0,5312,0.3390804597701149,0.005347593582887694,0.0,고관련인기
설계도,6,260,1235,0,,0,0.19999999999999996,0.016742770167427645,0.0,저관련인기
3D외주,10,1220,30,2,1032.0,2065,0.0,0.0,0.0,저관련비인기
울산3D프린트,10,70,9,0,,0,0.0,0.0,0.0,저관련비인기
부산시제품제작,10,220,11,1,179.0,179,0.0,0.0,0.0,고관련비인기
대구시제품제작,10,80,11,0,,0,0.0,0.0,0.0,고관련비인기
LASERCUTTER,10,70,6,0,,0,0.0,0.0,0.0,저관련비인기
3D모델링외주,10,480,22,3,431.0,1294,0.0,0.0,0.0,저관련비인기
지그주문제작,10,70,0,0,,0,0.0,0.0,0.0,저관련비인기
제품디자인비용,10,2640,17,0,,0,0.0,0.0,0.0,저관련비인기
제품디자인업체,10,2970,25,5,2505.0,12523,0.0,0.0,0.0,저관련비인기
3DDRAWING,10,70,5,0,,0,0.0,0.0,0.0,저관련비인기
3DSYSTEM,3,130,9,0,,0,0.8571428571428571,0.0,0.0,저관련비인기
3D제품,10,290,14,0,,0,0.0,0.0,0.0,저관련비인기
3D프린터활용,10,70,193,0,,0,0.0,0.0,0.0,저관련인기
대전3D프린터,7,1290,58,1,1048.0,1048,0.3116883116883117,0.0816326530612245,0.0,저관련인기
디비디제작,10,70,6,0,,0,0.0,0.0,0.0,저관련비인기
목업샘플,10,180,57,0,,0,0.0,0.0,0.0,저관련인기
바인더주문제작,7,1560,53,5,1336.0,6682,0.06521739130434782,0.019999999999999997,0.25,고관련인기
바인더커버,10,180,38,0,,0,0.0,0.0,0.0,저관련비인기
부산시제품,10,520,4,0,,0,0.0,0.0,0.0,저관련비인기
바인더소량제작,10,1040,23,1,896.0,896,0.0,0.0,0.0,고관련비인기
제품디자인의뢰,10,1940,8,0,,0,0.0,0.0,0.0,고관련비인기
특허시제품,10,250,3,0,,0,0.0,0.0,0.0,저관련비인기
하드웨어개발,6,1410,51,1,1183.0,1183,0.4084507042253521,0.1428571428571428,0.0,저관련인기
특허제품,10,250,78,2,190.0,381,0.0,0.0,0.0,저관련인기
디자인업체,10,3470,380,11,3043.0,33475,0.0,0.0,0.0,고관련인기
설계외주,10,340,18,2,317.0,634,0.0,0.0,0.0,저관련비인기
제품디자인회사,10,7710,706,11,6542.0,71959,0.0,0.0,0.0,저관련인기
SUS316L,10,280,293,2,228.0,455,0.0,0.0,0.0,저관련인기
전자제품개발,10,1380,17,2,1152.0,2304,0.0,0.0,0.0,저관련비인기
하드웨어제작,10,70,16,0,,0,0.0,0.0,0.0,고관련비인기
아이디어제품,9,730,391,6,612.0,3672,0.25862068965517243,0.13333333333333333,0.0,저관련인기
개발대행,10,140,15,0,,0,0.0,0.0,0.0,저관련비인기
H/W개발,3,260,6,0,,0,2.7142857142857144,0.0,0.0,저관련비인기
압력용기제작,10,180,44,2,154.0,307,0.0,0.0,0.0,저관련비인기
캡스톤디자인제작,10,70,1,0,,0,0.0,0.0,0.0,고관련비인기
3D프린팅대구,10,70,4,0,,0,0.0,0.0,0.0,저관련비인기
금속모형제작,10,70,0,0,,0,0.0,0.0,0.0,고관련비인기
시제품제작지원,10,610,38,0,,0,0.0,0.0,0.0,저관련비인기
금속시제품제작,10,70,0,0,,0,0.0,0.0,0.0,고관련비인기
캡스톤디자인아이디어,10,70,32,0,,0,0.0,0.0,0.0,저관련비인기
대구시제품,10,70,0,0,,0,0.0,0.0,0.0,저관련비인기
보드개발,10,110,8,2,110.0,220,0.0,0.0,0.0,저관련비인기
워킹목업제작,10,260,4,0,,0,0.0,0.0,0.0,고관련비인기
시제품업체,10,470,5,0,,0,0.0,0.0,0.0,고관련비인기
HP,8,710,31663,9,617.0,5553,0.08196721311475409,0.018786127167630062,0.125,저관련인기
캡스톤작품,10,70,0,0,,0,0.0,0.0,0.0,저관련비인기
발명,9,200,1468,1,200.0,200,0.17647058823529413,0.047075606276747506,0.0,저관련인기
전자졸업작품,10,70,1,0,,0,0.0,0.0,0.0,저관련비인기
대전PCB,10,70,6,0,,0,0.0,0.0,0.0,저관련비인기
광주PCB,10,70,0,0,,0,0.0,0.0,0.0,저관련비인기
거리감지센서,7,70,69,0,,0,0.0,0.0,0.0,저관련인기
R&D,8,740,8691,3,682.0,2046,0.11666666666666667,0.003568596352101494,0.0,저관련인기
대전스마트팩토리,10,70,6,0,,0,0.0,0.0,0.0,저관련비인기
포토다이오드,10,90,450,1,83.0,83,0.0,0.0,0.0,저관련인기
스마트지팡이,8,70,68,1,70.0,70,0.0,0.0,0.0,저관련인기
스마트창문,7,70,126,0,,0,0.0,0.0,0.0,저관련인기
3D프린터무드등,10,70,11,0,,0,0.0,0.0,0.0,저관련비인기
드론졸업작품,10,70,0,0,,0,0.0,0.0,0.0,저관련비인기
전주시제품제작,10,70,8,0,,0,0.0,0.0,0.0,고관련비인기
전주시제품,10,70,0,0,,0,0.0,0.0,0.0,저관련비인기
대구라즈베리파이,10,70,0,0,,0,0.0,0.0,0.0,저관련비인기
발명품아이디어,9,460,291,0,,0,0.24324324324324326,0.06593406593406594,0.0,저관련인기
광주시제품,10,70,0,0,,0,0.0,0.0,0.0,저관련비인기
전자과졸업작품,10,90,36,0,,0,0.0,0.0,0.0,저관련비인기
대구PCB,10,70,7,0,,0,0.0,0.0,0.0,저관련비인기
공대졸업작품,10,90,15,0,,0,0.0,0.0,0.0,저관련비인기
목업월드,2,720,1340,1,352.0,352,4.000000000000001,0.47091412742382266,0.0,저관련인기
기발한발명품,7,70,73,0,,0,0.0,0.0,0.0,저관련인기
모바일로봇,8,90,109,1,80.0,80,0.0,0.0,0.0,저관련인기
창원시제품제작,10,70,0,0,,0,0.0,0.0,0.0,저관련비인기
목업폰,7,110,336,6,97.0,580,0.2857142857142857,0.18652849740932642,0.25,저관련인기
졸업작품제작,10,1240,7,2,687.0,1374,0.0,0.0,0.0,고관련비인기
전기과졸업작품,10,70,19,0,,0,0.0,0.0,0.0,저관련비인기
화장품시제품,3,100,2,0,,0,0.42857142857142855,0.0,0.0,저관련비인기
기술개발,8,440,429,0,,0,0.1111111111111111,0.02688172043010753,0.0,저관련인기
부산피규어제작,10,70,16,1,70.0,70,0.0,0.0,0.0,저관련비인기
목업도장,10,70,0,0,,0,0.0,0.0,0.0,저관련비인기
부산3D프린터제작,10,70,5,0,,0,0.0,0.0,0.0,고관련비인기
IOT업체,10,70,25,0,,0,0.0,0.0,0.0,고관련비인기
경기도3D프린터,10,70,1,0,,0,0.0,0.0,0.0,저관련비인기
세종시3D프린터,10,70,5,0,,0,0.0,0.0,0.0,저관련비인기
아이디어제작,10,380,8,0,,0,0.0,0.0,0.0,고관련비인기
ODM제조,10,70,9,0,,0,0.0,0.0,0.0,고관련비인기
인천3D프린팅,10,140,8,0,,0,0.0,0.0,0.0,저관련비인기
인천3D프린터,10,920,15,0,,0,0.0,0.0,0.0,저관련비인기
전기졸업작품,10,70,2,0,,0,0.0,0.0,0.0,저관련비인기
제주도3D프린터,10,70,0,0,,0,0.0,0.0,0.0,저관련비인기
경기도3D프린팅,3,810,6,0,,0,10.571428571428571,0.0,0.0,저관련비인기
전주3D프린터,10,130,27,0,,0,0.0,0.0,0.0,저관련비인기
을지로가구제작,10,70,10,0,,0,0.0,0.0,0.0,저관련비인기
청계천용접,10,70,8,0,,0,0.0,0.0,0.0,저관련비인기
청계천졸업작품,10,70,0,0,,0,0.0,0.0,0.0,저관련비인기
을지로주문제작,10,70,3,0,,0,0.0,0.0,0.0,고관련비인기
스테인레스제품,3,170,8,0,,0,1.4285714285714286,0.0,0.0,저관련비인기
기계과졸업작품,10,70,0,0,,0,0.0,0.0,0.0,저관련비인기
발명대회,9,70,118,0,,0,0.0,0.0,0.0,저관련인기
울산3D프린터,10,230,43,1,83.0,83,0.0,0.0,0.0,저관련비인기
LED조명개발,10,70,1,0,,0,0.0,0.0,0.0,저관련비인기
전기자동차개발,10,70,11,0,,0,0.0,0.0,0.0,저관련비인기
자전거개발,10,70,1,0,,0,0.0,0.0,0.0,저관련비인기
농기계개발,10,70,7,0,,0,0.0,0.0,0.0,저관련비인기
CCTV개발,10,70,11,0,,0,0.0,0.0,0.0,저관련비인기
광주3D프린터,10,400,25,1,189.0,189,0.0,0.0,0.0,저관련비인기
프라스틱성형,10,210,3,0,,0,0.0,0.0,0.0,저관련비인기
MOLD,7,210,3053,0,,0,0.5,0.05918367346938774,0.0,저관련인기
플라스틱금형제작,10,550,10,0,,0,0.0,0.0,0.0,고관련비인기
금형제작지원,10,70,14,0,,0,0.0,0.0,0.0,저관련비인기
캡스톤대행,10,70,3,2,70.0,140,0.0,0.0,0.0,저관련비인기
을지로제작,10,70,0,0,,0,0.0,0.0,0.0,고관련비인기
목업견적,10,440,0,0,,0,0.0,0.0,0.0,저관련비인기
기계모형,10,150,5,0,,0,0.0,0.0,0.0,저관련비인기
목업집,10,100,14,0,,0,0.0,0.0,0.0,저관련비인기
전시모형제작,10,2750,5,1,2468.0,2468,0.0,0.0,0.0,고관련비인기
부산3D프린트,10,70,23,1,70.0,70,0.0,0.0,0.0,저관련비인기
아이디어개발,10,230,32,0,,0,0.0,0.0,0.0,저관련비인기
중국공장,2,1430,295,4,1162.0,4646,1.7575757575757578,0.0,2.0,고관련인기
조명주문제작,10,370,29,0,,0,0.0,0.0,0.0,저관련비인기
조명제작,7,340,185,8,283.0,2265,0.26086956521739135,0.006451612903225795,0.39999999999999997,저관련인기
전북3D프린팅,10,70,0,0,,0,0.0,0.0,0.0,저관련비인기
기발한아이디어상품,9,120,898,40,98.0,3903,0.09090909090909091,0.07032181168057211,0.5384615384615384,저관련인기
광주3D프린팅,10,220,19,0,,0,0.0,0.0,0.0,저관련비인기
대전모형제작,10,70,2,0,,0,0.0,0.0,0.0,고관련비인기
청주3D프린팅,10,220,6,0,,0,0.0,0.0,0.0,저관련비인기
광주시제품제작,10,70,3,0,,0,0.0,0.0,0.0,고관련비인기
제주3D프린팅,10,70,0,0,,0,0.0,0.0,0.0,저관련비인기
청주3D프린터,10,280,26,1,172.0,172,0.0,0.0,0.0,저관련비인기
전주3D프린팅,10,120,10,0,,0,0.0,0.0,0.0,저관련비인기
대전시제품제작,10,270,6,0,,0,0.0,0.0,0.0,고관련비인기
서울모형,3,100,1,0,,0,0.42857142857142855,0.0,0.0,저관련비인기
부산3D프린터업체,10,70,0,0,,0,0.0,0.0,0.0,고관련비인기
스테인레스주문제작,10,220,42,0,,0,0.0,0.0,0.0,고관련비인기
EBMPAPST,10,160,151,3,130.0,390,0.0,0.0,0.0,저관련인기
REXCAN,10,70,0,0,,0,0.0,0.0,0.0,저관련비인기
RAPIDFORM,10,70,8,0,,0,0.0,0.0,0.0,저관련비인기
제품생산,10,160,67,2,132.0,265,0.0,0.0,0.0,고관련인기
프로토타입,10,70,0,0,,0,0.0,0.0,0.0,저관련비인기
지그3D프린팅대행,10,70,0,0,,0,0.0,0.0,0.0,저관련비인기
지그3D프린팅서비스,10,70,0,0,,0,0.0,0.0,0.0,저관련비인기
지그3D프린팅,10,70,0,0,,0,0.0,0.0,0.0,저관련비인기
지그3D프린터대행,10,70,0,0,,0,0.0,0.0,0.0,저관련비인기
지그3D프린터서비스,10,70,0,0,,0,0.0,0.0,0.0,저관련비인기
지그3D프린터,10,70,0,0,,0,0.0,0.0,0.0,저관련비인기
지그쓰리디프린팅대행,10,70,0,0,,0,0.0,0.0,0.0,저관련비인기
지그쓰리디프린팅서비스,10,70,0,0,,0,0.0,0.0,0.0,저관련비인기
지그쓰리디프린팅,10,70,0,0,,0,0.0,0.0,0.0,저관련비인기
지그쓰리디프린터대행,10,70,0,0,,0,0.0,0.0,0.0,저관련비인기
지그쓰리디프린터서비스,10,70,0,0,,0,0.0,0.0,0.0,저관련비인기
지그쓰리디프린터,10,70,0,0,,0,0.0,0.0,0.0,저관련비인기
지그3D출력대행,10,70,0,0,,0,0.0,0.0,0.0,저관련비인기
지그3D출력서비스,10,70,0,0,,0,0.0,0.0,0.0,저관련비인기
지그3D출력,10,70,0,0,,0,0.0,0.0,0.0,저관련비인기
지그3D출력소,10,70,0,0,,0,0.0,0.0,0.0,저관련비인기
지그쓰리디출력대행,10,70,0,0,,0,0.0,0.0,0.0,저관련비인기
지그쓰리디출력서비스,10,70,0,0,,0,0.0,0.0,0.0,저관련비인기
지그쓰리디출력,10,70,0,0,,0,0.0,0.0,0.0,저관련비인기
지그쓰리디출력소,10,70,0,0,,0,0.0,0.0,0.0,저관련비인기
골프채3D프린팅대행,10,70,0,0,,0,0.0,0.0,0.0,저관련비인기
골프채3D프린팅서비스,10,70,0,0,,0,0.0,0.0,0.0,저관련비인기
골프채3D프린팅,10,70,0,0,,0,0.0,0.0,0.0,저관련비인기
골프채3D프린터대행,10,70,0,0,,0,0.0,0.0,0.0,저관련비인기
골프채3D프린터서비스,10,70,0,0,,0,0.0,0.0,0.0,저관련비인기
골프채3D프린터,10,70,0,0,,0,0.0,0.0,0.0,저관련비인기
골프채쓰리디프린팅대행,10,70,0,0,,0,0.0,0.0,0.0,저관련비인기
골프채쓰리디프린팅서비스,10,70,0,0,,0,0.0,0.0,0.0,저관련비인기
골프채쓰리디프린팅,10,70,0,0,,0,0.0,0.0,0.0,저관련비인기
골프채쓰리디프린터대행,10,70,0,0,,0,0.0,0.0,0.0,저관련비인기
골프채쓰리디프린터서비스,10,70,0,0,,0,0.0,0.0,0.0,저관련비인기
골프채쓰리디프린터,10,70,0,0,,0,0.0,0.0,0.0,저관련비인기
골프채3D출력대행,10,70,0,0,,0,0.0,0.0,0.0,저관련비인기
골프채3D출력서비스,10,70,0,0,,0,0.0,0.0,0.0,저관련비인기
골프채3D출력,10,70,0,0,,0,0.0,0.0,0.0,저관련비인기
골프채3D출력소,10,70,0,0,,0,0.0,0.0,0.0,저관련비인기
골프채쓰리디출력대행,10,70,0,0,,0,0.0,0.0,0.0,저관련비인기
골프채쓰리디출력서비스,10,70,0,0,,0,0.0,0.0,0.0,저관련비인기
골프채쓰리디출력,10,70,0,0,,0,0.0,0.0,0.0,저관련비인기
골프채쓰리디출력소,10,70,0,0,,0,0.0,0.0,0.0,저관련비인기
디자인소품3D프린팅대행,10,70,0,0,,0,0.0,0.0,0.0,저관련비인기
디자인소품3D프린팅서비스,10,70,0,0,,0,0.0,0.0,0.0,저관련비인기
디자인소품3D프린팅,10,70,0,0,,0,0.0,0.0,0.0,저관련비인기
디자인소품3D프린터대행,10,70,0,0,,0,0.0,0.0,0.0,저관련비인기
디자인소품3D프린터서비스,10,70,0,0,,0,0.0,0.0,0.0,저관련비인기
디자인소품3D프린터,10,70,0,0,,0,0.0,0.0,0.0,저관련비인기
디자인소품쓰리디프린팅대행,10,70,0,0,,0,0.0,0.0,0.0,저관련비인기
디자인소품쓰리디프린팅서비스,10,70,0,0,,0,0.0,0.0,0.0,저관련비인기
디자인소품쓰리디프린팅,10,70,0,0,,0,0.0,0.0,0.0,저관련비인기
디자인소품쓰리디프린터대행,10,70,0,0,,0,0.0,0.0,0.0,저관련비인기
디자인소품쓰리디프린터서비스,10,70,0,0,,0,0.0,0.0,0.0,저관련비인기
디자인소품쓰리디프린터,10,70,0,0,,0,0.0,0.0,0.0,저관련비인기
디자인소품3D출력대행,10,70,0,0,,0,0.0,0.0,0.0,저관련비인기
디자인소품3D출력서비스,10,70,0,0,,0,0.0,0.0,0.0,저관련비인기
디자인소품3D출력,10,70,0,0,,0,0.0,0.0,0.0,저관련비인기
디자인소품3D출력소,10,70,0,0,,0,0.0,0.0,0.0,저관련비인기
디자인소품쓰리디출력대행,10,70,0,0,,0,0.0,0.0,0.0,저관련비인기
디자인소품쓰리디출력서비스,10,70,0,0,,0,0.0,0.0,0.0,저관련비인기
디자인소품쓰리디출력,10,70,0,0,,0,0.0,0.0,0.0,저관련비인기
디자인소품쓰리디출력소,10,70,0,0,,0,0.0,0.0,0.0,저관련비인기
화장품용기3D프린팅대행,10,70,0,0,,0,0.0,0.0,0.0,저관련비인기
화장품용기3D프린팅서비스,10,70,0,0,,0,0.0,0.0,0.0,저관련비인기
화장품용기3D프린팅,10,70,0,0,,0,0.0,0.0,0.0,저관련비인기
화장품용기3D프린터대행,10,70,0,0,,0,0.0,0.0,0.0,저관련비인기
화장품용기3D프린터서비스,10,70,0,0,,0,0.0,0.0,0.0,저관련비인기
화장품용기3D프린터,10,70,0,0,,0,0.0,0.0,0.0,저관련비인기
화장품용기쓰리디프린팅대행,10,70,0,0,,0,0.0,0.0,0.0,저관련비인기
화장품용기쓰리디프린팅서비스,10,70,0,0,,0,0.0,0.0,0.0,저관련비인기
화장품용기쓰리디프린팅,10,70,0,0,,0,0.0,0.0,0.0,저관련비인기
화장품용기쓰리디프린터대행,10,70,0,0,,0,0.0,0.0,0.0,저관련비인기
화장품용기쓰리디프린터서비스,10,70,0,0,,0,0.0,0.0,0.0,저관련비인기
화장품용기쓰리디프린터,10,70,0,0,,0,0.0,0.0,0.0,저관련비인기
화장품용기3D출력대행,10,70,0,0,,0,0.0,0.0,0.0,저관련비인기
화장품용기3D출력서비스,10,70,0,0,,0,0.0,0.0,0.0,저관련비인기
화장품용기3D출력,10,70,0,0,,0,0.0,0.0,0.0,저관련비인기
화장품용기3D출력소,10,70,0,0,,0,0.0,0.0,0.0,저관련비인기
화장품용기쓰리디출력대행,10,70,0,0,,0,0.0,0.0,0.0,저관련비인기
화장품용기쓰리디출력서비스,10,70,0,0,,0,0.0,0.0,0.0,저관련비인기
화장품용기쓰리디출력,10,70,0,0,,0,0.0,0.0,0.0,저관련비인기
화장품용기쓰리디출력소,10,70,0,0,,0,0.0,0.0,0.0,저관련비인기
용기3D프린팅대행,10,70,0,0,,0,0.0,0.0,0.0,저관련비인기
용기3D프린팅서비스,10,70,0,0,,0,0.0,0.0,0.0,저관련비인기
용기3D프린팅,10,70,0,0,,0,0.0,0.0,0.0,저관련비인기
용기3D프린터대행,10,70,0,0,,0,0.0,0.0,0.0,저관련비인기
용기3D프린터서비스,10,70,0,0,,0,0.0,0.0,0.0,저관련비인기
용기3D프린터,10,70,0,0,,0,0.0,0.0,0.0,저관련비인기
용기쓰리디프린팅대행,10,70,0,0,,0,0.0,0.0,0.0,저관련비인기
용기쓰리디프린팅서비스,10,70,0,0,,0,0.0,0.0,0.0,저관련비인기
용기쓰리디프린팅,10,70,0,0,,0,0.0,0.0,0.0,저관련비인기
용기쓰리디프린터대행,10,70,0,0,,0,0.0,0.0,0.0,저관련비인기
용기쓰리디프린터서비스,10,70,0,0,,0,0.0,0.0,0.0,저관련비인기
용기쓰리디프린터,10,70,0,0,,0,0.0,0.0,0.0,저관련비인기
용기3D출력대행,10,70,0,0,,0,0.0,0.0,0.0,저관련비인기
용기3D출력서비스,10,70,0,0,,0,0.0,0.0,0.0,저관련비인기
용기3D출력,10,70,0,0,,0,0.0,0.0,0.0,저관련비인기
용기3D출력소,10,70,0,0,,0,0.0,0.0,0.0,저관련비인기
용기쓰리디출력대행,10,70,0,0,,0,0.0,0.0,0.0,저관련비인기
용기쓰리디출력서비스,10,70,0,0,,0,0.0,0.0,0.0,저관련비인기
용기쓰리디출력,10,70,0,0,,0,0.0,0.0,0.0,저관련비인기
용기쓰리디출력소,10,70,0,0,,0,0.0,0.0,0.0,저관련비인기
플라스틱병3D프린팅대행,10,70,0,0,,0,0.0,0.0,0.0,저관련비인기
플라스틱병3D프린팅서비스,10,70,0,0,,0,0.0,0.0,0.0,저관련비인기
플라스틱병3D프린팅,10,70,0,0,,0,0.0,0.0,0.0,저관련비인기
플라스틱병3D프린터대행,10,70,0,0,,0,0.0,0.0,0.0,저관련비인기
플라스틱병3D프린터서비스,10,70,0,0,,0,0.0,0.0,0.0,저관련비인기
플라스틱병3D프린터,10,70,0,0,,0,0.0,0.0,0.0,저관련비인기
플라스틱병쓰리디프린팅대행,10,70,0,0,,0,0.0,0.0,0.0,저관련비인기
플라스틱병쓰리디프린팅서비스,10,70,0,0,,0,0.0,0.0,0.0,저관련비인기
플라스틱병쓰리디프린팅,10,70,0,0,,0,0.0,0.0,0.0,저관련비인기
플라스틱병쓰리디프린터대행,10,70,0,0,,0,0.0,0.0,0.0,저관련비인기
플라스틱병쓰리디프린터서비스,10,70,0,0,,0,0.0,0.0,0.0,저관련비인기
플라스틱병쓰리디프린터,10,70,0,0,,0,0.0,0.0,0.0,저관련비인기
플라스틱병3D출력대행,10,70,0,0,,0,0.0,0.0,0.0,저관련비인기
플라스틱병3D출력서비스,10,70,0,0,,0,0.0,0.0,0.0,저관련비인기
플라스틱병3D출력,10,70,0,0,,0,0.0,0.0,0.0,저관련비인기
플라스틱병3D출력소,10,70,0,0,,0,0.0,0.0,0.0,저관련비인기
플라스틱병쓰리디출력대행,10,70,0,0,,0,0.0,0.0,0.0,저관련비인기
플라스틱병쓰리디출력서비스,10,70,0,0,,0,0.0,0.0,0.0,저관련비인기
플라스틱병쓰리디출력,10,70,0,0,,0,0.0,0.0,0.0,저관련비인기
플라스틱병쓰리디출력소,10,70,0,0,,0,0.0,0.0,0.0,저관련비인기
장난감3D프린팅대행,10,70,0,0,,0,0.0,0.0,0.0,저관련비인기
장난감3D프린팅서비스,10,70,0,0,,0,0.0,0.0,0.0,저관련비인기
장난감3D프린팅,10,70,0,0,,0,0.0,0.0,0.0,저관련비인기
장난감3D프린터대행,10,70,0,0,,0,0.0,0.0,0.0,저관련비인기
장난감3D프린터서비스,10,70,0,0,,0,0.0,0.0,0.0,저관련비인기
장난감3D프린터,10,70,0,0,,0,0.0,0.0,0.0,저관련비인기
장난감쓰리디프린팅대행,10,70,0,0,,0,0.0,0.0,0.0,저관련비인기
장난감쓰리디프린팅서비스,10,70,0,0,,0,0.0,0.0,0.0,저관련비인기
장난감쓰리디프린팅,10,70,0,0,,0,0.0,0.0,0.0,저관련비인기
장난감쓰리디프린터대행,10,70,0,0,,0,0.0,0.0,0.0,저관련비인기
장난감쓰리디프린터서비스,10,70,0,0,,0,0.0,0.0,0.0,저관련비인기
장난감쓰리디프린터,10,70,0,0,,0,0.0,0.0,0.0,저관련비인기
장난감3D출력대행,10,70,0,0,,0,0.0,0.0,0.0,저관련비인기
장난감3D출력서비스,10,70,0,0,,0,0.0,0.0,0.0,저관련비인기
장난감3D출력,10,70,0,0,,0,0.0,0.0,0.0,저관련비인기
장난감3D출력소,10,70,0,0,,0,0.0,0.0,0.0,저관련비인기
장난감쓰리디출력대행,10,70,0,0,,0,0.0,0.0,0.0,저관련비인기
장난감쓰리디출력서비스,10,70,0,0,,0,0.0,0.0,0.0,저관련비인기
장난감쓰리디출력,10,70,0,0,,0,0.0,0.0,0.0,저관련비인기
장난감쓰리디출력소,10,70,0,0,,0,0.0,0.0,0.0,저관련비인기
아이디어제품3D프린팅대행,10,70,0,0,,0,0.0,0.0,0.0,저관련비인기
아이디어제품3D프린팅서비스,10,70,0,0,,0,0.0,0.0,0.0,저관련비인기
아이디어제품3D프린팅,10,70,0,0,,0,0.0,0.0,0.0,저관련비인기
아이디어제품3D프린터대행,10,70,0,0,,0,0.0,0.0,0.0,저관련비인기
아이디어제품3D프린터서비스,10,70,0,0,,0,0.0,0.0,0.0,저관련비인기
아이디어제품3D프린터,10,70,0,0,,0,0.0,0.0,0.0,저관련비인기
아이디어제품쓰리디프린팅대행,10,70,0,0,,0,0.0,0.0,0.0,저관련비인기
아이디어제품쓰리디프린팅서비스,10,70,0,0,,0,0.0,0.0,0.0,저관련비인기
아이디어제품쓰리디프린팅,10,70,0,0,,0,0.0,0.0,0.0,저관련비인기
아이디어제품쓰리디프린터대행,10,70,0,0,,0,0.0,0.0,0.0,저관련비인기
아이디어제품쓰리디프린터서비스,10,70,0,0,,0,0.0,0.0,0.0,저관련비인기
아이디어제품쓰리디프린터,10,70,0,0,,0,0.0,0.0,0.0,저관련비인기
아이디어제품3D출력대행,10,70,0,0,,0,0.0,0.0,0.0,저관련비인기
아이디어제품3D출력서비스,10,70,0,0,,0,0.0,0.0,0.0,저관련비인기
아이디어제품3D출력,10,70,0,0,,0,0.0,0.0,0.0,저관련비인기
아이디어제품3D출력소,10,70,0,0,,0,0.0,0.0,0.0,저관련비인기
아이디어제품쓰리디출력대행,10,70,0,0,,0,0.0,0.0,0.0,저관련비인기
아이디어제품쓰리디출력서비스,10,70,0,0,,0,0.0,0.0,0.0,저관련비인기
아이디어제품쓰리디출력,10,70,0,0,,0,0.0,0.0,0.0,저관련비인기
아이디어제품쓰리디출력소,10,70,0,0,,0,0.0,0.0,0.0,저관련비인기
시제품3D프린팅대행,10,70,0,0,,0,0.0,0.0,0.0,저관련비인기
시제품3D프린팅서비스,10,70,0,0,,0,0.0,0.0,0.0,저관련비인기
시제품3D프린팅,10,70,0,0,,0,0.0,0.0,0.0,저관련비인기
시제품3D프린터대행,10,70,0,0,,0,0.0,0.0,0.0,저관련비인기
시제품3D프린터서비스,10,70,0,0,,0,0.0,0.0,0.0,저관련비인기
시제품3D프린터,10,70,6,0,,0,0.0,0.0,0.0,저관련비인기
시제품쓰리디프린팅대행,10,70,0,0,,0,0.0,0.0,0.0,저관련비인기
시제품쓰리디프린팅서비스,10,70,0,0,,0,0.0,0.0,0.0,저관련비인기
시제품쓰리디프린팅,10,70,0,0,,0,0.0,0.0,0.0,저관련비인기
시제품쓰리디프린터대행,10,70,0,0,,0,0.0,0.0,0.0,저관련비인기
시제품쓰리디프린터서비스,10,70,0,0,,0,0.0,0.0,0.0,저관련비인기
시제품쓰리디프린터,10,70,0,0,,0,0.0,0.0,0.0,저관련비인기
시제품3D출력대행,10,70,0,0,,0,0.0,0.0,0.0,저관련비인기
시제품3D출력서비스,10,70,0,0,,0,0.0,0.0,0.0,저관련비인기
시제품3D출력,10,70,0,0,,0,0.0,0.0,0.0,저관련비인기
시제품3D출력소,10,70,0,0,,0,0.0,0.0,0.0,저관련비인기
시제품쓰리디출력대행,10,70,0,0,,0,0.0,0.0,0.0,저관련비인기
시제품쓰리디출력서비스,10,70,0,0,,0,0.0,0.0,0.0,저관련비인기
시제품쓰리디출력,10,70,0,0,,0,0.0,0.0,0.0,저관련비인기
시제품쓰리디출력소,10,70,0,0,,0,0.0,0.0,0.0,저관련비인기
시작품3D프린팅대행,10,70,0,0,,0,0.0,0.0,0.0,저관련비인기
시작품3D프린팅서비스,10,70,0,0,,0,0.0,0.0,0.0,저관련비인기
시작품3D프린팅,10,70,0,0,,0,0.0,0.0,0.0,저관련비인기
시작품3D프린터대행,10,70,0,0,,0,0.0,0.0,0.0,저관련비인기
시작품3D프린터서비스,10,70,0,0,,0,0.0,0.0,0.0,저관련비인기
시작품3D프린터,10,70,0,0,,0,0.0,0.0,0.0,저관련비인기
시작품쓰리디프린팅대행,10,70,0,0,,0,0.0,0.0,0.0,저관련비인기
시작품쓰리디프린팅서비스,10,70,0,0,,0,0.0,0.0,0.0,저관련비인기
시작품쓰리디프린팅,10,70,0,0,,0,0.0,0.0,0.0,저관련비인기
시작품쓰리디프린터대행,10,70,0,0,,0,0.0,0.0,0.0,저관련비인기
시작품쓰리디프린터서비스,10,70,0,0,,0,0.0,0.0,0.0,저관련비인기
시작품쓰리디프린터,10,70,0,0,,0,0.0,0.0,0.0,저관련비인기
시작품3D출력대행,10,70,0,0,,0,0.0,0.0,0.0,저관련비인기
시작품3D출력서비스,10,70,0,0,,0,0.0,0.0,0.0,저관련비인기
시작품3D출력,10,70,0,0,,0,0.0,0.0,0.0,저관련비인기
시작품3D출력소,10,70,0,0,,0,0.0,0.0,0.0,저관련비인기
시작품쓰리디출력대행,10,70,0,0,,0,0.0,0.0,0.0,저관련비인기
시작품쓰리디출력서비스,10,70,0,0,,0,0.0,0.0,0.0,저관련비인기
시작품쓰리디출력,10,70,0,0,,0,0.0,0.0,0.0,저관련비인기
시작품쓰리디출력소,10,70,0,0,,0,0.0,0.0,0.0,저관련비인기
프로토타입3D프린팅대행,10,70,0,0,,0,0.0,0.0,0.0,저관련비인기
프로토타입3D프린팅서비스,10,70,0,0,,0,0.0,0.0,0.0,저관련비인기
프로토타입3D프린팅,10,70,0,0,,0,0.0,0.0,0.0,저관련비인기
프로토타입3D프린터대행,10,70,0,0,,0,0.0,0.0,0.0,저관련비인기
프로토타입3D프린터서비스,10,70,0,0,,0,0.0,0.0,0.0,저관련비인기
프로토타입3D프린터,10,70,0,0,,0,0.0,0.0,0.0,저관련비인기
프로토타입쓰리디프린팅대행,10,70,0,0,,0,0.0,0.0,0.0,저관련비인기
프로토타입쓰리디프린팅서비스,10,70,0,0,,0,0.0,0.0,0.0,저관련비인기
프로토타입쓰리디프린팅,10,70,0,0,,0,0.0,0.0,0.0,저관련비인기
프로토타입쓰리디프린터대행,10,70,0,0,,0,0.0,0.0,0.0,저관련비인기
프로토타입쓰리디프린터서비스,10,70,0,0,,0,0.0,0.0,0.0,저관련비인기
프로토타입쓰리디프린터,10,70,0,0,,0,0.0,0.0,0.0,저관련비인기
프로토타입3D출력대행,10,70,0,0,,0,0.0,0.0,0.0,저관련비인기
프로토타입3D출력서비스,10,70,0,0,,0,0.0,0.0,0.0,저관련비인기
프로토타입3D출력,10,70,0,0,,0,0.0,0.0,0.0,저관련비인기
프로토타입3D출력소,10,70,0,0,,0,0.0,0.0,0.0,저관련비인기
프로토타입쓰리디출력대행,10,70,0,0,,0,0.0,0.0,0.0,저관련비인기
프로토타입쓰리디출력서비스,10,70,0,0,,0,0.0,0.0,0.0,저관련비인기
프로토타입쓰리디출력,10,70,0,0,,0,0.0,0.0,0.0,저관련비인기
프로토타입쓰리디출력소,10,70,0,0,,0,0.0,0.0,0.0,저관련비인기
IT기기3D프린팅대행,10,70,0,0,,0,0.0,0.0,0.0,저관련비인기
IT기기3D프린팅서비스,10,70,0,0,,0,0.0,0.0,0.0,저관련비인기
IT기기3D프린팅,10,70,0,0,,0,0.0,0.0,0.0,저관련비인기
IT기기3D프린터대행,10,70,0,0,,0,0.0,0.0,0.0,저관련비인기
IT기기3D프린터서비스,10,70,0,0,,0,0.0,0.0,0.0,저관련비인기
IT기기3D프린터,10,70,0,0,,0,0.0,0.0,0.0,저관련비인기
IT기기쓰리디프린팅대행,10,70,0,0,,0,0.0,0.0,0.0,저관련비인기
IT기기쓰리디프린팅서비스,10,70,0,0,,0,0.0,0.0,0.0,저관련비인기
IT기기쓰리디프린팅,10,70,0,0,,0,0.0,0.0,0.0,저관련비인기
IT기기쓰리디프린터대행,10,70,0,0,,0,0.0,0.0,0.0,저관련비인기
IT기기쓰리디프린터서비스,10,70,0,0,,0,0.0,0.0,0.0,저관련비인기
IT기기쓰리디프린터,10,70,0,0,,0,0.0,0.0,0.0,저관련비인기
IT기기3D출력대행,10,70,0,0,,0,0.0,0.0,0.0,저관련비인기
IT기기3D출력서비스,10,70,0,0,,0,0.0,0.0,0.0,저관련비인기
IT기기3D출력,10,70,0,0,,0,0.0,0.0,0.0,저관련비인기
IT기기3D출력소,10,70,0,0,,0,0.0,0.0,0.0,저관련비인기
IT기기쓰리디출력대행,10,70,0,0,,0,0.0,0.0,0.0,저관련비인기
IT기기쓰리디출력서비스,10,70,0,0,,0,0.0,0.0,0.0,저관련비인기
IT기기쓰리디출력,10,70,0,0,,0,0.0,0.0,0.0,저관련비인기
IT기기쓰리디출력소,10,70,0,0,,0,0.0,0.0,0.0,저관련비인기
휴대폰3D프린팅대행,10,70,0,0,,0,0.0,0.0,0.0,저관련비인기
휴대폰3D프린팅서비스,10,70,0,0,,0,0.0,0.0,0.0,저관련비인기
휴대폰3D프린팅,10,70,0,0,,0,0.0,0.0,0.0,저관련비인기
휴대폰3D프린터대행,10,70,0,0,,0,0.0,0.0,0.0,저관련비인기
휴대폰3D프린터서비스,10,70,0,0,,0,0.0,0.0,0.0,저관련비인기
휴대폰3D프린터,10,70,0,0,,0,0.0,0.0,0.0,저관련비인기
휴대폰쓰리디프린팅대행,10,70,0,0,,0,0.0,0.0,0.0,저관련비인기
휴대폰쓰리디프린팅서비스,10,70,0,0,,0,0.0,0.0,0.0,저관련비인기
휴대폰쓰리디프린팅,10,70,0,0,,0,0.0,0.0,0.0,저관련비인기
휴대폰쓰리디프린터대행,10,70,0,0,,0,0.0,0.0,0.0,저관련비인기
휴대폰쓰리디프린터서비스,10,70,0,0,,0,0.0,0.0,0.0,저관련비인기
휴대폰쓰리디프린터,10,70,0,0,,0,0.0,0.0,0.0,저관련비인기
휴대폰3D출력대행,10,70,0,0,,0,0.0,0.0,0.0,저관련비인기
휴대폰3D출력서비스,10,70,0,0,,0,0.0,0.0,0.0,저관련비인기
휴대폰3D출력,10,70,0,0,,0,0.0,0.0,0.0,저관련비인기
휴대폰3D출력소,10,70,0,0,,0,0.0,0.0,0.0,저관련비인기
휴대폰쓰리디출력대행,10,70,0,0,,0,0.0,0.0,0.0,저관련비인기
휴대폰쓰리디출력서비스,10,70,0,0,,0,0.0,0.0,0.0,저관련비인기
휴대폰쓰리디출력,10,70,0,0,,0,0.0,0.0,0.0,저관련비인기
휴대폰쓰리디출력소,10,70,0,0,,0,0.0,0.0,0.0,저관련비인기
휴대폰케이스3D프린팅대행,10,70,0,0,,0,0.0,0.0,0.0,저관련비인기
휴대폰케이스3D프린팅서비스,10,70,0,0,,0,0.0,0.0,0.0,저관련비인기
휴대폰케이스3D프린팅,10,70,0,0,,0,0.0,0.0,0.0,저관련비인기
휴대폰케이스3D프린터대행,10,70,0,0,,0,0.0,0.0,0.0,저관련비인기
휴대폰케이스3D프린터서비스,10,70,0,0,,0,0.0,0.0,0.0,저관련비인기
휴대폰케이스3D프린터,10,70,0,0,,0,0.0,0.0,0.0,저관련비인기
휴대폰케이스쓰리디프린팅대행,10,70,0,0,,0,0.0,0.0,0.0,저관련비인기
휴대폰케이스쓰리디프린팅서비스,10,70,0,0,,0,0.0,0.0,0.0,저관련비인기
휴대폰케이스쓰리디프린팅,10,70,0,0,,0,0.0,0.0,0.0,저관련비인기
휴대폰케이스쓰리디프린터대행,10,70,0,0,,0,0.0,0.0,0.0,저관련비인기
휴대폰케이스쓰리디프린터서비스,10,70,0,0,,0,0.0,0.0,0.0,저관련비인기
휴대폰케이스쓰리디프린터,10,70,0,0,,0,0.0,0.0,0.0,저관련비인기
휴대폰케이스3D출력대행,10,70,0,0,,0,0.0,0.0,0.0,저관련비인기
휴대폰케이스3D출력서비스,10,70,0,0,,0,0.0,0.0,0.0,저관련비인기
휴대폰케이스3D출력,10,70,0,0,,0,0.0,0.0,0.0,저관련비인기
휴대폰케이스3D출력소,10,70,0,0,,0,0.0,0.0,0.0,저관련비인기
휴대폰케이스쓰리디출력대행,10,70,0,0,,0,0.0,0.0,0.0,저관련비인기
휴대폰케이스쓰리디출력서비스,10,70,0,0,,0,0.0,0.0,0.0,저관련비인기
휴대폰케이스쓰리디출력,10,70,0,0,,0,0.0,0.0,0.0,저관련비인기
휴대폰케이스쓰리디출력소,10,70,0,0,,0,0.0,0.0,0.0,저관련비인기
핸드폰3D프린팅대행,10,70,0,0,,0,0.0,0.0,0.0,저관련비인기
핸드폰3D프린팅서비스,10,70,0,0,,0,0.0,0.0,0.0,저관련비인기
핸드폰3D프린팅,10,70,0,0,,0,0.0,0.0,0.0,저관련비인기
핸드폰3D프린터대행,10,70,0,0,,0,0.0,0.0,0.0,저관련비인기
핸드폰3D프린터서비스,10,70,0,0,,0,0.0,0.0,0.0,저관련비인기
핸드폰3D프린터,10,70,0,0,,0,0.0,0.0,0.0,저관련비인기
핸드폰쓰리디프린팅대행,10,70,0,0,,0,0.0,0.0,0.0,저관련비인기
핸드폰쓰리디프린팅서비스,10,70,0,0,,0,0.0,0.0,0.0,저관련비인기
핸드폰쓰리디프린팅,10,70,0,0,,0,0.0,0.0,0.0,저관련비인기
핸드폰쓰리디프린터대행,10,70,0,0,,0,0.0,0.0,0.0,저관련비인기
핸드폰쓰리디프린터서비스,10,70,0,0,,0,0.0,0.0,0.0,저관련비인기
핸드폰쓰리디프린터,10,70,0,0,,0,0.0,0.0,0.0,저관련비인기
핸드폰3D출력대행,10,70,0,0,,0,0.0,0.0,0.0,저관련비인기
핸드폰3D출력서비스,10,70,0,0,,0,0.0,0.0,0.0,저관련비인기
핸드폰3D출력,10,70,0,0,,0,0.0,0.0,0.0,저관련비인기
핸드폰3D출력소,10,70,0,0,,0,0.0,0.0,0.0,저관련비인기
핸드폰쓰리디출력대행,10,70,0,0,,0,0.0,0.0,0.0,저관련비인기
핸드폰쓰리디출력서비스,10,70,0,0,,0,0.0,0.0,0.0,저관련비인기
핸드폰쓰리디출력,10,70,0,0,,0,0.0,0.0,0.0,저관련비인기
핸드폰쓰리디출력소,10,70,0,0,,0,0.0,0.0,0.0,저관련비인기
핸드폰케이스3D프린팅대행,10,70,0,0,,0,0.0,0.0,0.0,저관련비인기
핸드폰케이스3D프린팅서비스,10,70,0,0,,0,0.0,0.0,0.0,저관련비인기
핸드폰케이스3D프린팅,10,70,0,0,,0,0.0,0.0,0.0,저관련비인기
핸드폰케이스3D프린터대행,10,70,0,0,,0,0.0,0.0,0.0,저관련비인기
핸드폰케이스3D프린터서비스,10,70,0,0,,0,0.0,0.0,0.0,저관련비인기
핸드폰케이스3D프린터,10,70,0,0,,0,0.0,0.0,0.0,저관련비인기
핸드폰케이스쓰리디프린팅대행,10,70,0,0,,0,0.0,0.0,0.0,저관련비인기
핸드폰케이스쓰리디프린팅서비스,10,70,0,0,,0,0.0,0.0,0.0,저관련비인기
핸드폰케이스쓰리디프린팅,10,70,0,0,,0,0.0,0.0,0.0,저관련비인기
핸드폰케이스쓰리디프린터대행,10,70,0,0,,0,0.0,0.0,0.0,저관련비인기
핸드폰케이스쓰리디프린터서비스,10,70,0,0,,0,0.0,0.0,0.0,저관련비인기
핸드폰케이스쓰리디프린터,10,70,0,0,,0,0.0,0.0,0.0,저관련비인기
핸드폰케이스3D출력대행,10,70,0,0,,0,0.0,0.0,0.0,저관련비인기
핸드폰케이스3D출력서비스,10,70,0,0,,0,0.0,0.0,0.0,저관련비인기
핸드폰케이스3D출력,10,70,0,0,,0,0.0,0.0,0.0,저관련비인기
핸드폰케이스3D출력소,10,70,0,0,,0,0.0,0.0,0.0,저관련비인기
핸드폰케이스쓰리디출력대행,10,70,0,0,,0,0.0,0.0,0.0,저관련비인기
핸드폰케이스쓰리디출력서비스,10,70,0,0,,0,0.0,0.0,0.0,저관련비인기
핸드폰케이스쓰리디출력,10,70,0,0,,0,0.0,0.0,0.0,저관련비인기
핸드폰케이스쓰리디출력소,10,70,0,0,,0,0.0,0.0,0.0,저관련비인기
아이폰3D프린팅대행,10,70,0,0,,0,0.0,0.0,0.0,저관련비인기
아이폰3D프린팅서비스,10,70,0,0,,0,0.0,0.0,0.0,저관련비인기
아이폰3D프린팅,10,70,0,0,,0,0.0,0.0,0.0,저관련비인기
아이폰3D프린터대행,10,70,0,0,,0,0.0,0.0,0.0,저관련비인기
아이폰3D프린터서비스,10,70,0,0,,0,0.0,0.0,0.0,저관련비인기
아이폰3D프린터,10,70,0,0,,0,0.0,0.0,0.0,저관련비인기
아이폰쓰리디프린팅대행,10,70,0,0,,0,0.0,0.0,0.0,저관련비인기
아이폰쓰리디프린팅서비스,10,70,0,0,,0,0.0,0.0,0.0,저관련비인기
아이폰쓰리디프린팅,10,70,0,0,,0,0.0,0.0,0.0,저관련비인기
아이폰쓰리디프린터대행,10,70,0,0,,0,0.0,0.0,0.0,저관련비인기
아이폰쓰리디프린터서비스,10,70,0,0,,0,0.0,0.0,0.0,저관련비인기
아이폰쓰리디프린터,10,70,0,0,,0,0.0,0.0,0.0,저관련비인기
아이폰3D출력대행,10,70,0,0,,0,0.0,0.0,0.0,저관련비인기
아이폰3D출력서비스,10,70,0,0,,0,0.0,0.0,0.0,저관련비인기
아이폰3D출력,10,70,0,0,,0,0.0,0.0,0.0,저관련비인기
아이폰3D출력소,10,70,0,0,,0,0.0,0.0,0.0,저관련비인기
아이폰쓰리디출력대행,10,70,0,0,,0,0.0,0.0,0.0,저관련비인기
아이폰쓰리디출력서비스,10,70,0,0,,0,0.0,0.0,0.0,저관련비인기
아이폰쓰리디출력,10,70,0,0,,0,0.0,0.0,0.0,저관련비인기
아이폰쓰리디출력소,10,70,0,0,,0,0.0,0.0,0.0,저관련비인기
갤럭시3D프린팅대행,10,70,0,0,,0,0.0,0.0,0.0,저관련비인기
갤럭시3D프린팅서비스,10,70,0,0,,0,0.0,0.0,0.0,저관련비인기
갤럭시3D프린팅,10,70,0,0,,0,0.0,0.0,0.0,저관련비인기
갤럭시3D프린터대행,10,70,0,0,,0,0.0,0.0,0.0,저관련비인기
갤럭시3D프린터서비스,10,70,0,0,,0,0.0,0.0,0.0,저관련비인기
갤럭시3D프린터,10,70,0,0,,0,0.0,0.0,0.0,저관련비인기
갤럭시쓰리디프린팅대행,10,70,0,0,,0,0.0,0.0,0.0,저관련비인기
갤럭시쓰리디프린팅서비스,10,70,0,0,,0,0.0,0.0,0.0,저관련비인기
갤럭시쓰리디프린팅,10,70,0,0,,0,0.0,0.0,0.0,저관련비인기
갤럭시쓰리디프린터대행,10,70,0,0,,0,0.0,0.0,0.0,저관련비인기
갤럭시쓰리디프린터서비스,10,70,0,0,,0,0.0,0.0,0.0,저관련비인기
갤럭시쓰리디프린터,10,70,0,0,,0,0.0,0.0,0.0,저관련비인기
갤럭시3D출력대행,10,70,0,0,,0,0.0,0.0,0.0,저관련비인기
갤럭시3D출력서비스,10,70,0,0,,0,0.0,0.0,0.0,저관련비인기
갤럭시3D출력,10,70,0,0,,0,0.0,0.0,0.0,저관련비인기
갤럭시3D출력소,10,70,0,0,,0,0.0,0.0,0.0,저관련비인기
갤럭시쓰리디출력대행,10,70,0,0,,0,0.0,0.0,0.0,저관련비인기
갤럭시쓰리디출력서비스,10,70,0,0,,0,0.0,0.0,0.0,저관련비인기
갤럭시쓰리디출력,10,70,0,0,,0,0.0,0.0,0.0,저관련비인기
갤럭시쓰리디출력소,10,70,0,0,,0,0.0,0.0,0.0,저관련비인기
아이패드3D프린팅대행,10,70,0,0,,0,0.0,0.0,0.0,저관련비인기
아이패드3D프린팅서비스,10,70,0,0,,0,0.0,0.0,0.0,저관련비인기
아이패드3D프린팅,10,70,0,0,,0,0.0,0.0,0.0,저관련비인기
아이패드3D프린터대행,10,70,0,0,,0,0.0,0.0,0.0,저관련비인기
아이패드3D프린터서비스,10,70,0,0,,0,0.0,0.0,0.0,저관련비인기
아이패드3D프린터,10,70,0,0,,0,0.0,0.0,0.0,저관련비인기
아이패드쓰리디프린팅대행,10,70,0,0,,0,0.0,0.0,0.0,저관련비인기
아이패드쓰리디프린팅서비스,10,70,0,0,,0,0.0,0.0,0.0,저관련비인기
아이패드쓰리디프린팅,10,70,0,0,,0,0.0,0.0,0.0,저관련비인기
아이패드쓰리디프린터대행,10,70,0,0,,0,0.0,0.0,0.0,저관련비인기
아이패드쓰리디프린터서비스,10,70,0,0,,0,0.0,0.0,0.0,저관련비인기
아이패드쓰리디프린터,10,70,0,0,,0,0.0,0.0,0.0,저관련비인기
아이패드3D출력대행,10,70,0,0,,0,0.0,0.0,0.0,저관련비인기
아이패드3D출력서비스,10,70,0,0,,0,0.0,0.0,0.0,저관련비인기
아이패드3D출력,10,70,0,0,,0,0.0,0.0,0.0,저관련비인기
아이패드3D출력소,10,70,0,0,,0,0.0,0.0,0.0,저관련비인기
아이패드쓰리디출력대행,10,70,0,0,,0,0.0,0.0,0.0,저관련비인기
아이패드쓰리디출력서비스,10,70,0,0,,0,0.0,0.0,0.0,저관련비인기
아이패드쓰리디출력,10,70,0,0,,0,0.0,0.0,0.0,저관련비인기
아이패드쓰리디출력소,10,70,0,0,,0,0.0,0.0,0.0,저관련비인기
전자기기3D프린팅대행,10,70,0,0,,0,0.0,0.0,0.0,저관련비인기
전자기기3D프린팅서비스,10,70,0,0,,0,0.0,0.0,0.0,저관련비인기
전자기기3D프린팅,10,70,0,0,,0,0.0,0.0,0.0,저관련비인기
전자기기3D프린터대행,10,70,0,0,,0,0.0,0.0,0.0,저관련비인기
전자기기3D프린터서비스,10,70,0,0,,0,0.0,0.0,0.0,저관련비인기
전자기기3D프린터,10,70,0,0,,0,0.0,0.0,0.0,저관련비인기
전자기기쓰리디프린팅대행,10,70,0,0,,0,0.0,0.0,0.0,저관련비인기
전자기기쓰리디프린팅서비스,10,70,0,0,,0,0.0,0.0,0.0,저관련비인기
전자기기쓰리디프린팅,10,70,0,0,,0,0.0,0.0,0.0,저관련비인기
전자기기쓰리디프린터대행,10,70,0,0,,0,0.0,0.0,0.0,저관련비인기
전자기기쓰리디프린터서비스,10,70,0,0,,0,0.0,0.0,0.0,저관련비인기
전자기기쓰리디프린터,10,70,0,0,,0,0.0,0.0,0.0,저관련비인기
전자기기3D출력대행,10,70,0,0,,0,0.0,0.0,0.0,저관련비인기
전자기기3D출력서비스,10,70,0,0,,0,0.0,0.0,0.0,저관련비인기
전자기기3D출력,10,70,0,0,,0,0.0,0.0,0.0,저관련비인기
전자기기3D출력소,10,70,0,0,,0,0.0,0.0,0.0,저관련비인기
전자기기쓰리디출력대행,10,70,0,0,,0,0.0,0.0,0.0,저관련비인기
전자기기쓰리디출력서비스,10,70,0,0,,0,0.0,0.0,0.0,저관련비인기
전자기기쓰리디출력,10,70,0,0,,0,0.0,0.0,0.0,저관련비인기
전자기기쓰리디출력소,10,70,0,0,,0,0.0,0.0,0.0,저관련비인기
전자제품3D프린팅대행,10,70,0,0,,0,0.0,0.0,0.0,저관련비인기
전자제품3D프린팅서비스,10,70,0,0,,0,0.0,0.0,0.0,저관련비인기
전자제품3D프린팅,10,70,0,0,,0,0.0,0.0,0.0,저관련비인기
전자제품3D프린터대행,10,70,0,0,,0,0.0,0.0,0.0,저관련비인기
전자제품3D프린터서비스,10,70,0,0,,0,0.0,0.0,0.0,저관련비인기
전자제품3D프린터,10,70,0,0,,0,0.0,0.0,0.0,저관련비인기
전자제품쓰리디프린팅대행,10,70,0,0,,0,0.0,0.0,0.0,저관련비인기
전자제품쓰리디프린팅서비스,10,70,0,0,,0,0.0,0.0,0.0,저관련비인기
전자제품쓰리디프린팅,10,70,0,0,,0,0.0,0.0,0.0,저관련비인기
전자제품쓰리디프린터대행,10,70,0,0,,0,0.0,0.0,0.0,저관련비인기
전자제품쓰리디프린터서비스,10,70,0,0,,0,0.0,0.0,0.0,저관련비인기
전자제품쓰리디프린터,10,70,0,0,,0,0.0,0.0,0.0,저관련비인기
전자제품3D출력대행,10,70,0,0,,0,0.0,0.0,0.0,저관련비인기
전자제품3D출력서비스,10,70,0,0,,0,0.0,0.0,0.0,저관련비인기
전자제품3D출력,10,70,0,0,,0,0.0,0.0,0.0,저관련비인기
전자제품3D출력소,10,70,0,0,,0,0.0,0.0,0.0,저관련비인기
전자제품쓰리디출력대행,10,70,0,0,,0,0.0,0.0,0.0,저관련비인기
전자제품쓰리디출력서비스,10,70,0,0,,0,0.0,0.0,0.0,저관련비인기
전자제품쓰리디출력,10,70,0,0,,0,0.0,0.0,0.0,저관련비인기
전자제품쓰리디출력소,10,70,0,0,,0,0.0,0.0,0.0,저관련비인기
피규어3D프린팅대행,10,70,0,0,,0,0.0,0.0,0.0,저관련비인기
피규어3D프린팅서비스,10,70,0,0,,0,0.0,0.0,0.0,저관련비인기
피규어3D프린팅,10,70,2,0,,0,0.0,0.0,0.0,저관련비인기
피규어3D프린터대행,10,70,0,0,,0,0.0,0.0,0.0,저관련비인기
피규어3D프린터서비스,10,70,0,0,,0,0.0,0.0,0.0,저관련비인기
피규어3D프린터,10,80,14,0,,0,0.0,0.0,0.0,저관련비인기
피규어쓰리디프린팅대행,10,70,0,0,,0,0.0,0.0,0.0,저관련비인기
피규어쓰리디프린팅서비스,10,70,0,0,,0,0.0,0.0,0.0,저관련비인기
피규어쓰리디프린팅,10,70,0,0,,0,0.0,0.0,0.0,저관련비인기
피규어쓰리디프린터대행,10,70,0,0,,0,0.0,0.0,0.0,저관련비인기
피규어쓰리디프린터서비스,10,70,0,0,,0,0.0,0.0,0.0,저관련비인기
피규어쓰리디프린터,10,70,0,0,,0,0.0,0.0,0.0,저관련비인기
피규어3D출력대행,10,70,0,0,,0,0.0,0.0,0.0,저관련비인기
피규어3D출력서비스,10,70,0,0,,0,0.0,0.0,0.0,저관련비인기
피규어3D출력,10,70,0,0,,0,0.0,0.0,0.0,저관련비인기
피규어3D출력소,10,70,0,0,,0,0.0,0.0,0.0,저관련비인기
피규어쓰리디출력대행,10,70,0,0,,0,0.0,0.0,0.0,저관련비인기
피규어쓰리디출력서비스,10,70,0,0,,0,0.0,0.0,0.0,저관련비인기
피규어쓰리디출력,10,70,0,0,,0,0.0,0.0,0.0,저관련비인기
피규어쓰리디출력소,10,70,0,0,,0,0.0,0.0,0.0,저관련비인기
안경3D프린팅대행,10,70,0,0,,0,0.0,0.0,0.0,저관련비인기
안경3D프린팅서비스,10,70,0,0,,0,0.0,0.0,0.0,저관련비인기
안경3D프린팅,10,70,0,0,,0,0.0,0.0,0.0,저관련비인기
안경3D프린터대행,10,70,0,0,,0,0.0,0.0,0.0,저관련비인기
안경3D프린터서비스,10,70,0,0,,0,0.0,0.0,0.0,저관련비인기
안경3D프린터,10,70,0,0,,0,0.0,0.0,0.0,저관련비인기
안경쓰리디프린팅대행,10,70,0,0,,0,0.0,0.0,0.0,저관련비인기
안경쓰리디프린팅서비스,10,70,0,0,,0,0.0,0.0,0.0,저관련비인기
안경쓰리디프린팅,10,70,0,0,,0,0.0,0.0,0.0,저관련비인기
안경쓰리디프린터대행,10,70,0,0,,0,0.0,0.0,0.0,저관련비인기
안경쓰리디프린터서비스,10,70,0,0,,0,0.0,0.0,0.0,저관련비인기
안경쓰리디프린터,10,70,0,0,,0,0.0,0.0,0.0,저관련비인기
안경3D출력대행,10,70,0,0,,0,0.0,0.0,0.0,저관련비인기
안경3D출력서비스,10,70,0,0,,0,0.0,0.0,0.0,저관련비인기
안경3D출력,10,70,0,0,,0,0.0,0.0,0.0,저관련비인기
안경3D출력소,10,70,0,0,,0,0.0,0.0,0.0,저관련비인기
안경쓰리디출력대행,10,70,0,0,,0,0.0,0.0,0.0,저관련비인기
안경쓰리디출력서비스,10,70,0,0,,0,0.0,0.0,0.0,저관련비인기
안경쓰리디출력,10,70,0,0,,0,0.0,0.0,0.0,저관련비인기
안경쓰리디출력소,10,70,0,0,,0,0.0,0.0,0.0,저관련비인기
애플워치케이스3D프린팅대행,10,70,0,0,,0,0.0,0.0,0.0,저관련비인기
애플워치케이스3D프린팅서비스,10,70,0,0,,0,0.0,0.0,0.0,저관련비인기
애플워치케이스3D프린팅,10,70,0,0,,0,0.0,0.0,0.0,저관련비인기
애플워치케이스3D프린터대행,10,70,0,0,,0,0.0,0.0,0.0,저관련비인기
애플워치케이스3D프린터서비스,10,70,0,0,,0,0.0,0.0,0.0,저관련비인기
애플워치케이스3D프린터,10,70,0,0,,0,0.0,0.0,0.0,저관련비인기
애플워치케이스쓰리디프린팅대행,10,70,0,0,,0,0.0,0.0,0.0,저관련비인기
애플워치케이스쓰리디프린팅서비스,10,70,0,0,,0,0.0,0.0,0.0,저관련비인기
애플워치케이스쓰리디프린팅,10,70,0,0,,0,0.0,0.0,0.0,저관련비인기
애플워치케이스쓰리디프린터대행,10,70,0,0,,0,0.0,0.0,0.0,저관련비인기
애플워치케이스쓰리디프린터서비스,10,70,0,0,,0,0.0,0.0,0.0,저관련비인기
애플워치케이스쓰리디프린터,10,70,0,0,,0,0.0,0.0,0.0,저관련비인기
애플워치케이스3D출력대행,10,70,0,0,,0,0.0,0.0,0.0,저관련비인기
애플워치케이스3D출력서비스,10,70,0,0,,0,0.0,0.0,0.0,저관련비인기
애플워치케이스3D출력,10,70,0,0,,0,0.0,0.0,0.0,저관련비인기
애플워치케이스3D출력소,10,70,0,0,,0,0.0,0.0,0.0,저관련비인기
애플워치케이스쓰리디출력대행,10,70,0,0,,0,0.0,0.0,0.0,저관련비인기
애플워치케이스쓰리디출력서비스,10,70,0,0,,0,0.0,0.0,0.0,저관련비인기
애플워치케이스쓰리디출력,10,70,0,0,,0,0.0,0.0,0.0,저관련비인기
애플워치케이스쓰리디출력소,10,70,0,0,,0,0.0,0.0,0.0,저관련비인기
아이팟케이스3D프린팅대행,10,70,0,0,,0,0.0,0.0,0.0,저관련비인기
아이팟케이스3D프린팅서비스,10,70,0,0,,0,0.0,0.0,0.0,저관련비인기
아이팟케이스3D프린팅,10,70,0,0,,0,0.0,0.0,0.0,저관련비인기
아이팟케이스3D프린터대행,10,70,0,0,,0,0.0,0.0,0.0,저관련비인기
아이팟케이스3D프린터서비스,10,70,0,0,,0,0.0,0.0,0.0,저관련비인기
아이팟케이스3D프린터,10,70,0,0,,0,0.0,0.0,0.0,저관련비인기
아이팟케이스쓰리디프린팅대행,10,70,0,0,,0,0.0,0.0,0.0,저관련비인기
아이팟케이스쓰리디프린팅서비스,10,70,0,0,,0,0.0,0.0,0.0,저관련비인기
아이팟케이스쓰리디프린팅,10,70,0,0,,0,0.0,0.0,0.0,저관련비인기
아이팟케이스쓰리디프린터대행,10,70,0,0,,0,0.0,0.0,0.0,저관련비인기
아이팟케이스쓰리디프린터서비스,10,70,0,0,,0,0.0,0.0,0.0,저관련비인기
아이팟케이스쓰리디프린터,10,70,0,0,,0,0.0,0.0,0.0,저관련비인기
아이팟케이스3D출력대행,10,70,0,0,,0,0.0,0.0,0.0,저관련비인기
아이팟케이스3D출력서비스,10,70,0,0,,0,0.0,0.0,0.0,저관련비인기
아이팟케이스3D출력,10,70,0,0,,0,0.0,0.0,0.0,저관련비인기
아이팟케이스3D출력소,10,70,0,0,,0,0.0,0.0,0.0,저관련비인기
아이팟케이스쓰리디출력대행,10,70,0,0,,0,0.0,0.0,0.0,저관련비인기
아이팟케이스쓰리디출력서비스,10,70,0,0,,0,0.0,0.0,0.0,저관련비인기
아이팟케이스쓰리디출력,10,70,0,0,,0,0.0,0.0,0.0,저관련비인기
아이팟케이스쓰리디출력소,10,70,0,0,,0,0.0,0.0,0.0,저관련비인기
악세서리3D프린팅대행,10,70,0,0,,0,0.0,0.0,0.0,저관련비인기
악세서리3D프린팅서비스,10,70,0,0,,0,0.0,0.0,0.0,저관련비인기
악세서리3D프린팅,10,70,0,0,,0,0.0,0.0,0.0,저관련비인기
악세서리3D프린터대행,10,70,0,0,,0,0.0,0.0,0.0,저관련비인기
악세서리3D프린터서비스,10,70,0,0,,0,0.0,0.0,0.0,저관련비인기
악세서리3D프린터,10,70,0,0,,0,0.0,0.0,0.0,저관련비인기
악세서리쓰리디프린팅대행,10,70,0,0,,0,0.0,0.0,0.0,저관련비인기
악세서리쓰리디프린팅서비스,10,70,0,0,,0,0.0,0.0,0.0,저관련비인기
악세서리쓰리디프린팅,10,70,0,0,,0,0.0,0.0,0.0,저관련비인기
악세서리쓰리디프린터대행,10,70,0,0,,0,0.0,0.0,0.0,저관련비인기
악세서리쓰리디프린터서비스,10,70,0,0,,0,0.0,0.0,0.0,저관련비인기
악세서리쓰리디프린터,10,70,0,0,,0,0.0,0.0,0.0,저관련비인기
악세서리3D출력대행,10,70,0,0,,0,0.0,0.0,0.0,저관련비인기
악세서리3D출력서비스,10,70,0,0,,0,0.0,0.0,0.0,저관련비인기
악세서리3D출력,10,70,0,0,,0,0.0,0.0,0.0,저관련비인기
악세서리3D출력소,10,70,0,0,,0,0.0,0.0,0.0,저관련비인기
악세서리쓰리디출력대행,10,70,0,0,,0,0.0,0.0,0.0,저관련비인기
악세서리쓰리디출력서비스,10,70,0,0,,0,0.0,0.0,0.0,저관련비인기
악세서리쓰리디출력,10,70,0,0,,0,0.0,0.0,0.0,저관련비인기
악세서리쓰리디출력소,10,70,0,0,,0,0.0,0.0,0.0,저관련비인기
악세사리3D프린팅대행,10,70,0,0,,0,0.0,0.0,0.0,저관련비인기
악세사리3D프린팅서비스,10,70,0,0,,0,0.0,0.0,0.0,저관련비인기
악세사리3D프린팅,10,70,0,0,,0,0.0,0.0,0.0,저관련비인기
악세사리3D프린터대행,10,70,0,0,,0,0.0,0.0,0.0,저관련비인기
악세사리3D프린터서비스,10,70,0,0,,0,0.0,0.0,0.0,저관련비인기
악세사리3D프린터,10,70,0,0,,0,0.0,0.0,0.0,저관련비인기
악세사리쓰리디프린팅대행,10,70,0,0,,0,0.0,0.0,0.0,저관련비인기
악세사리쓰리디프린팅서비스,10,70,0,0,,0,0.0,0.0,0.0,저관련비인기
악세사리쓰리디프린팅,10,70,0,0,,0,0.0,0.0,0.0,저관련비인기
악세사리쓰리디프린터대행,10,70,0,0,,0,0.0,0.0,0.0,저관련비인기
악세사리쓰리디프린터서비스,10,70,0,0,,0,0.0,0.0,0.0,저관련비인기
악세사리쓰리디프린터,10,70,0,0,,0,0.0,0.0,0.0,저관련비인기
악세사리3D출력대행,10,70,0,0,,0,0.0,0.0,0.0,저관련비인기
악세사리3D출력서비스,10,70,0,0,,0,0.0,0.0,0.0,저관련비인기
악세사리3D출력,10,70,0,0,,0,0.0,0.0,0.0,저관련비인기
악세사리3D출력소,10,70,0,0,,0,0.0,0.0,0.0,저관련비인기
악세사리쓰리디출력대행,10,70,0,0,,0,0.0,0.0,0.0,저관련비인기
악세사리쓰리디출력서비스,10,70,0,0,,0,0.0,0.0,0.0,저관련비인기
악세사리쓰리디출력,10,70,0,0,,0,0.0,0.0,0.0,저관련비인기
악세사리쓰리디출력소,10,70,0,0,,0,0.0,0.0,0.0,저관련비인기
가구3D프린팅대행,10,70,0,0,,0,0.0,0.0,0.0,저관련비인기
가구3D프린팅서비스,10,70,0,0,,0,0.0,0.0,0.0,저관련비인기
가구3D프린팅,10,70,0,0,,0,0.0,0.0,0.0,저관련비인기
가구3D프린터대행,10,70,0,0,,0,0.0,0.0,0.0,저관련비인기
가구3D프린터서비스,10,70,0,0,,0,0.0,0.0,0.0,저관련비인기
가구3D프린터,10,70,0,0,,0,0.0,0.0,0.0,저관련비인기
가구쓰리디프린팅대행,10,70,0,0,,0,0.0,0.0,0.0,저관련비인기
가구쓰리디프린팅서비스,10,70,0,0,,0,0.0,0.0,0.0,저관련비인기
가구쓰리디프린팅,10,70,0,0,,0,0.0,0.0,0.0,저관련비인기
가구쓰리디프린터대행,10,70,0,0,,0,0.0,0.0,0.0,저관련비인기
가구쓰리디프린터서비스,10,70,0,0,,0,0.0,0.0,0.0,저관련비인기
가구쓰리디프린터,10,70,0,0,,0,0.0,0.0,0.0,저관련비인기
가구3D출력대행,10,70,0,0,,0,0.0,0.0,0.0,저관련비인기
가구3D출력서비스,10,70,0,0,,0,0.0,0.0,0.0,저관련비인기
가구3D출력,10,70,0,0,,0,0.0,0.0,0.0,저관련비인기
가구3D출력소,10,70,0,0,,0,0.0,0.0,0.0,저관련비인기
가구쓰리디출력대행,10,70,0,0,,0,0.0,0.0,0.0,저관련비인기
가구쓰리디출력서비스,10,70,0,0,,0,0.0,0.0,0.0,저관련비인기
가구쓰리디출력,10,70,0,0,,0,0.0,0.0,0.0,저관련비인기
가구쓰리디출력소,10,70,0,0,,0,0.0,0.0,0.0,저관련비인기
의자3D프린팅대행,10,70,0,0,,0,0.0,0.0,0.0,저관련비인기
의자3D프린팅서비스,10,70,0,0,,0,0.0,0.0,0.0,저관련비인기
의자3D프린팅,10,70,0,0,,0,0.0,0.0,0.0,저관련비인기
의자3D프린터대행,10,70,0,0,,0,0.0,0.0,0.0,저관련비인기
의자3D프린터서비스,10,70,0,0,,0,0.0,0.0,0.0,저관련비인기
의자3D프린터,10,70,0,0,,0,0.0,0.0,0.0,저관련비인기
의자쓰리디프린팅대행,10,70,0,0,,0,0.0,0.0,0.0,저관련비인기
의자쓰리디프린팅서비스,10,70,0,0,,0,0.0,0.0,0.0,저관련비인기
의자쓰리디프린팅,10,70,0,0,,0,0.0,0.0,0.0,저관련비인기
의자쓰리디프린터대행,10,70,0,0,,0,0.0,0.0,0.0,저관련비인기
의자쓰리디프린터서비스,10,70,0,0,,0,0.0,0.0,0.0,저관련비인기
의자쓰리디프린터,10,70,0,0,,0,0.0,0.0,0.0,저관련비인기
의자3D출력대행,10,70,0,0,,0,0.0,0.0,0.0,저관련비인기
의자3D출력서비스,10,70,0,0,,0,0.0,0.0,0.0,저관련비인기
의자3D출력,10,70,0,0,,0,0.0,0.0,0.0,저관련비인기
의자3D출력소,10,70,0,0,,0,0.0,0.0,0.0,저관련비인기
의자쓰리디출력대행,10,70,0,0,,0,0.0,0.0,0.0,저관련비인기
의자쓰리디출력서비스,10,70,0,0,,0,0.0,0.0,0.0,저관련비인기
의자쓰리디출력,10,70,0,0,,0,0.0,0.0,0.0,저관련비인기
의자쓰리디출력소,10,70,0,0,,0,0.0,0.0,0.0,저관련비인기
커틀러리3D프린팅대행,10,70,0,0,,0,0.0,0.0,0.0,저관련비인기
커틀러리3D프린팅서비스,10,70,0,0,,0,0.0,0.0,0.0,저관련비인기
커틀러리3D프린팅,10,70,0,0,,0,0.0,0.0,0.0,저관련비인기
커틀러리3D프린터대행,10,70,0,0,,0,0.0,0.0,0.0,저관련비인기
커틀러리3D프린터서비스,10,70,0,0,,0,0.0,0.0,0.0,저관련비인기
커틀러리3D프린터,10,70,0,0,,0,0.0,0.0,0.0,저관련비인기
커틀러리쓰리디프린팅대행,10,70,0,0,,0,0.0,0.0,0.0,저관련비인기
커틀러리쓰리디프린팅서비스,10,70,0,0,,0,0.0,0.0,0.0,저관련비인기
커틀러리쓰리디프린팅,10,70,0,0,,0,0.0,0.0,0.0,저관련비인기
커틀러리쓰리디프린터대행,10,70,0,0,,0,0.0,0.0,0.0,저관련비인기
커틀러리쓰리디프린터서비스,10,70,0,0,,0,0.0,0.0,0.0,저관련비인기
커틀러리쓰리디프린터,10,70,0,0,,0,0.0,0.0,0.0,저관련비인기
커틀러리3D출력대행,10,70,0,0,,0,0.0,0.0,0.0,저관련비인기
커틀러리3D출력서비스,10,70,0,0,,0,0.0,0.0,0.0,저관련비인기
커틀러리3D출력,10,70,0,0,,0,0.0,0.0,0.0,저관련비인기
커틀러리3D출력소,10,70,0,0,,0,0.0,0.0,0.0,저관련비인기
커틀러리쓰리디출력대행,10,70,0,0,,0,0.0,0.0,0.0,저관련비인기
커틀러리쓰리디출력서비스,10,70,0,0,,0,0.0,0.0,0.0,저관련비인기
커틀러리쓰리디출력,10,70,0,0,,0,0.0,0.0,0.0,저관련비인기
커틀러리쓰리디출력소,10,70,0,0,,0,0.0,0.0,0.0,저관련비인기
주변기기3D프린팅대행,10,70,0,0,,0,0.0,0.0,0.0,저관련비인기
주변기기3D프린팅서비스,10,70,0,0,,0,0.0,0.0,0.0,저관련비인기
주변기기3D프린팅,10,70,0,0,,0,0.0,0.0,0.0,저관련비인기
주변기기3D프린터대행,10,70,0,0,,0,0.0,0.0,0.0,저관련비인기
주변기기3D프린터서비스,10,70,0,0,,0,0.0,0.0,0.0,저관련비인기
주변기기3D프린터,10,70,0,0,,0,0.0,0.0,0.0,저관련비인기
주변기기쓰리디프린팅대행,10,70,0,0,,0,0.0,0.0,0.0,저관련비인기
주변기기쓰리디프린팅서비스,10,70,0,0,,0,0.0,0.0,0.0,저관련비인기
주변기기쓰리디프린팅,10,70,0,0,,0,0.0,0.0,0.0,저관련비인기
주변기기쓰리디프린터대행,10,70,0,0,,0,0.0,0.0,0.0,저관련비인기
주변기기쓰리디프린터서비스,10,70,0,0,,0,0.0,0.0,0.0,저관련비인기
주변기기쓰리디프린터,10,70,0,0,,0,0.0,0.0,0.0,저관련비인기
주변기기3D출력대행,10,70,0,0,,0,0.0,0.0,0.0,저관련비인기
주변기기3D출력서비스,10,70,0,0,,0,0.0,0.0,0.0,저관련비인기
주변기기3D출력,10,70,0,0,,0,0.0,0.0,0.0,저관련비인기
주변기기3D출력소,10,70,0,0,,0,0.0,0.0,0.0,저관련비인기
주변기기쓰리디출력대행,10,70,0,0,,0,0.0,0.0,0.0,저관련비인기
주변기기쓰리디출력서비스,10,70,0,0,,0,0.0,0.0,0.0,저관련비인기
주변기기쓰리디출력,10,70,0,0,,0,0.0,0.0,0.0,저관련비인기
주변기기쓰리디출력소,10,70,0,0,,0,0.0,0.0,0.0,저관련비인기
가습기3D프린팅대행,10,70,0,0,,0,0.0,0.0,0.0,저관련비인기
가습기3D프린팅서비스,10,70,0,0,,0,0.0,0.0,0.0,저관련비인기
가습기3D프린팅,10,70,0,0,,0,0.0,0.0,0.0,저관련비인기
가습기3D프린터대행,10,70,0,0,,0,0.0,0.0,0.0,저관련비인기
가습기3D프린터서비스,10,70,0,0,,0,0.0,0.0,0.0,저관련비인기
가습기3D프린터,10,70,0,0,,0,0.0,0.0,0.0,저관련비인기
가습기쓰리디프린팅대행,10,70,0,0,,0,0.0,0.0,0.0,저관련비인기
가습기쓰리디프린팅서비스,10,70,0,0,,0,0.0,0.0,0.0,저관련비인기
가습기쓰리디프린팅,10,70,0,0,,0,0.0,0.0,0.0,저관련비인기
가습기쓰리디프린터대행,10,70,0,0,,0,0.0,0.0,0.0,저관련비인기
가습기쓰리디프린터서비스,10,70,0,0,,0,0.0,0.0,0.0,저관련비인기
가습기쓰리디프린터,10,70,0,0,,0,0.0,0.0,0.0,저관련비인기
가습기3D출력대행,10,70,0,0,,0,0.0,0.0,0.0,저관련비인기
가습기3D출력서비스,10,70,0,0,,0,0.0,0.0,0.0,저관련비인기
가습기3D출력,10,70,0,0,,0,0.0,0.0,0.0,저관련비인기
가습기3D출력소,10,70,0,0,,0,0.0,0.0,0.0,저관련비인기
가습기쓰리디출력대행,10,70,0,0,,0,0.0,0.0,0.0,저관련비인기
가습기쓰리디출력서비스,10,70,0,0,,0,0.0,0.0,0.0,저관련비인기
가습기쓰리디출력,10,70,0,0,,0,0.0,0.0,0.0,저관련비인기
가습기쓰리디출력소,10,70,0,0,,0,0.0,0.0,0.0,저관련비인기
로봇3D프린팅대행,10,70,0,0,,0,0.0,0.0,0.0,저관련비인기
로봇3D프린팅서비스,10,70,0,0,,0,0.0,0.0,0.0,저관련비인기
로봇3D프린팅,10,70,0,0,,0,0.0,0.0,0.0,저관련비인기
로봇3D프린터대행,10,70,0,0,,0,0.0,0.0,0.0,저관련비인기
로봇3D프린터서비스,10,70,0,0,,0,0.0,0.0,0.0,저관련비인기
로봇3D프린터,10,70,0,0,,0,0.0,0.0,0.0,저관련비인기
로봇쓰리디프린팅대행,10,70,0,0,,0,0.0,0.0,0.0,저관련비인기
로봇쓰리디프린팅서비스,10,70,0,0,,0,0.0,0.0,0.0,저관련비인기
로봇쓰리디프린팅,10,70,0,0,,0,0.0,0.0,0.0,저관련비인기
로봇쓰리디프린터대행,10,70,0,0,,0,0.0,0.0,0.0,저관련비인기
로봇쓰리디프린터서비스,10,70,0,0,,0,0.0,0.0,0.0,저관련비인기
로봇쓰리디프린터,10,70,0,0,,0,0.0,0.0,0.0,저관련비인기
로봇3D출력대행,10,70,0,0,,0,0.0,0.0,0.0,저관련비인기
로봇3D출력서비스,10,70,0,0,,0,0.0,0.0,0.0,저관련비인기
로봇3D출력,10,70,0,0,,0,0.0,0.0,0.0,저관련비인기
로봇3D출력소,10,70,0,0,,0,0.0,0.0,0.0,저관련비인기
로봇쓰리디출력대행,10,70,0,0,,0,0.0,0.0,0.0,저관련비인기
로봇쓰리디출력서비스,10,70,0,0,,0,0.0,0.0,0.0,저관련비인기
로봇쓰리디출력,10,70,0,0,,0,0.0,0.0,0.0,저관련비인기
로봇쓰리디출력소,10,70,0,0,,0,0.0,0.0,0.0,저관련비인기
로봇청소기3D프린팅대행,10,70,0,0,,0,0.0,0.0,0.0,저관련비인기
로봇청소기3D프린팅서비스,10,70,0,0,,0,0.0,0.0,0.0,저관련비인기
로봇청소기3D프린팅,10,70,0,0,,0,0.0,0.0,0.0,저관련비인기
로봇청소기3D프린터대행,10,70,0,0,,0,0.0,0.0,0.0,저관련비인기
로봇청소기3D프린터서비스,10,70,0,0,,0,0.0,0.0,0.0,저관련비인기
로봇청소기3D프린터,10,70,0,0,,0,0.0,0.0,0.0,저관련비인기
로봇청소기쓰리디프린팅대행,10,70,0,0,,0,0.0,0.0,0.0,저관련비인기
로봇청소기쓰리디프린팅서비스,10,70,0,0,,0,0.0,0.0,0.0,저관련비인기
로봇청소기쓰리디프린팅,10,70,0,0,,0,0.0,0.0,0.0,저관련비인기
로봇청소기쓰리디프린터대행,10,70,0,0,,0,0.0,0.0,0.0,저관련비인기
로봇청소기쓰리디프린터서비스,10,70,0,0,,0,0.0,0.0,0.0,저관련비인기
로봇청소기쓰리디프린터,10,70,0,0,,0,0.0,0.0,0.0,저관련비인기
로봇청소기3D출력대행,10,70,0,0,,0,0.0,0.0,0.0,저관련비인기
로봇청소기3D출력서비스,10,70,0,0,,0,0.0,0.0,0.0,저관련비인기
로봇청소기3D출력,10,70,0,0,,0,0.0,0.0,0.0,저관련비인기
로봇청소기3D출력소,10,70,0,0,,0,0.0,0.0,0.0,저관련비인기
로봇청소기쓰리디출력대행,10,70,0,0,,0,0.0,0.0,0.0,저관련비인기
로봇청소기쓰리디출력서비스,10,70,0,0,,0,0.0,0.0,0.0,저관련비인기
로봇청소기쓰리디출력,10,70,0,0,,0,0.0,0.0,0.0,저관련비인기
로봇청소기쓰리디출력소,10,70,0,0,,0,0.0,0.0,0.0,저관련비인기
마우스3D프린팅대행,10,70,0,0,,0,0.0,0.0,0.0,저관련비인기
마우스3D프린팅서비스,10,70,0,0,,0,0.0,0.0,0.0,저관련비인기
마우스3D프린팅,10,70,0,0,,0,0.0,0.0,0.0,저관련비인기
마우스3D프린터대행,10,70,0,0,,0,0.0,0.0,0.0,저관련비인기
마우스3D프린터서비스,10,70,0,0,,0,0.0,0.0,0.0,저관련비인기
마우스3D프린터,10,70,0,0,,0,0.0,0.0,0.0,저관련비인기
마우스쓰리디프린팅대행,10,70,0,0,,0,0.0,0.0,0.0,저관련비인기
마우스쓰리디프린팅서비스,10,70,0,0,,0,0.0,0.0,0.0,저관련비인기
마우스쓰리디프린팅,10,70,0,0,,0,0.0,0.0,0.0,저관련비인기
마우스쓰리디프린터대행,10,70,0,0,,0,0.0,0.0,0.0,저관련비인기
마우스쓰리디프린터서비스,10,70,0,0,,0,0.0,0.0,0.0,저관련비인기
마우스쓰리디프린터,10,70,0,0,,0,0.0,0.0,0.0,저관련비인기
마우스3D출력대행,10,70,0,0,,0,0.0,0.0,0.0,저관련비인기
마우스3D출력서비스,10,70,0,0,,0,0.0,0.0,0.0,저관련비인기
마우스3D출력,10,70,0,0,,0,0.0,0.0,0.0,저관련비인기
마우스3D출력소,10,70,0,0,,0,0.0,0.0,0.0,저관련비인기
마우스쓰리디출력대행,10,70,0,0,,0,0.0,0.0,0.0,저관련비인기
마우스쓰리디출력서비스,10,70,0,0,,0,0.0,0.0,0.0,저관련비인기
마우스쓰리디출력,10,70,0,0,,0,0.0,0.0,0.0,저관련비인기
마우스쓰리디출력소,10,70,0,0,,0,0.0,0.0,0.0,저관련비인기
헤드셋3D프린팅대행,10,70,0,0,,0,0.0,0.0,0.0,저관련비인기
헤드셋3D프린팅서비스,10,70,0,0,,0,0.0,0.0,0.0,저관련비인기
헤드셋3D프린팅,10,70,0,0,,0,0.0,0.0,0.0,저관련비인기
헤드셋3D프린터대행,10,70,0,0,,0,0.0,0.0,0.0,저관련비인기
헤드셋3D프린터서비스,10,70,0,0,,0,0.0,0.0,0.0,저관련비인기
헤드셋3D프린터,10,70,0,0,,0,0.0,0.0,0.0,저관련비인기
헤드셋쓰리디프린팅대행,10,70,0,0,,0,0.0,0.0,0.0,저관련비인기
헤드셋쓰리디프린팅서비스,10,70,0,0,,0,0.0,0.0,0.0,저관련비인기
헤드셋쓰리디프린팅,10,70,0,0,,0,0.0,0.0,0.0,저관련비인기
헤드셋쓰리디프린터대행,10,70,0,0,,0,0.0,0.0,0.0,저관련비인기
헤드셋쓰리디프린터서비스,10,70,0,0,,0,0.0,0.0,0.0,저관련비인기
헤드셋쓰리디프린터,10,70,0,0,,0,0.0,0.0,0.0,저관련비인기
헤드셋3D출력대행,10,70,0,0,,0,0.0,0.0,0.0,저관련비인기
헤드셋3D출력서비스,10,70,0,0,,0,0.0,0.0,0.0,저관련비인기
헤드셋3D출력,10,70,0,0,,0,0.0,0.0,0.0,저관련비인기
헤드셋3D출력소,10,70,0,0,,0,0.0,0.0,0.0,저관련비인기
헤드셋쓰리디출력대행,10,70,0,0,,0,0.0,0.0,0.0,저관련비인기
헤드셋쓰리디출력서비스,10,70,0,0,,0,0.0,0.0,0.0,저관련비인기
헤드셋쓰리디출력,10,70,0,0,,0,0.0,0.0,0.0,저관련비인기
헤드셋쓰리디출력소,10,70,0,0,,0,0.0,0.0,0.0,저관련비인기
스피커3D프린팅대행,10,70,0,0,,0,0.0,0.0,0.0,저관련비인기
스피커3D프린팅서비스,10,70,0,0,,0,0.0,0.0,0.0,저관련비인기
스피커3D프린팅,10,70,0,0,,0,0.0,0.0,0.0,저관련비인기
스피커3D프린터대행,10,70,0,0,,0,0.0,0.0,0.0,저관련비인기
스피커3D프린터서비스,10,70,0,0,,0,0.0,0.0,0.0,저관련비인기
스피커3D프린터,10,70,0,0,,0,0.0,0.0,0.0,저관련비인기
스피커쓰리디프린팅대행,10,70,0,0,,0,0.0,0.0,0.0,저관련비인기
스피커쓰리디프린팅서비스,10,70,0,0,,0,0.0,0.0,0.0,저관련비인기
스피커쓰리디프린팅,10,70,0,0,,0,0.0,0.0,0.0,저관련비인기
스피커쓰리디프린터대행,10,70,0,0,,0,0.0,0.0,0.0,저관련비인기
스피커쓰리디프린터서비스,10,70,0,0,,0,0.0,0.0,0.0,저관련비인기
스피커쓰리디프린터,10,70,0,0,,0,0.0,0.0,0.0,저관련비인기
스피커3D출력대행,10,70,0,0,,0,0.0,0.0,0.0,저관련비인기
스피커3D출력서비스,10,70,0,0,,0,0.0,0.0,0.0,저관련비인기
스피커3D출력,10,70,0,0,,0,0.0,0.0,0.0,저관련비인기
스피커3D출력소,10,70,0,0,,0,0.0,0.0,0.0,저관련비인기
스피커쓰리디출력대행,10,70,0,0,,0,0.0,0.0,0.0,저관련비인기
스피커쓰리디출력서비스,10,70,0,0,,0,0.0,0.0,0.0,저관련비인기
스피커쓰리디출력,10,70,0,0,,0,0.0,0.0,0.0,저관련비인기
스피커쓰리디출력소,10,70,0,0,,0,0.0,0.0,0.0,저관련비인기
히터3D프린팅대행,10,70,0,0,,0,0.0,0.0,0.0,저관련비인기
히터3D프린팅서비스,10,70,0,0,,0,0.0,0.0,0.0,저관련비인기
히터3D프린팅,10,70,0,0,,0,0.0,0.0,0.0,저관련비인기
히터3D프린터대행,10,70,0,0,,0,0.0,0.0,0.0,저관련비인기
히터3D프린터서비스,10,70,0,0,,0,0.0,0.0,0.0,저관련비인기
히터3D프린터,10,70,0,0,,0,0.0,0.0,0.0,저관련비인기
히터쓰리디프린팅대행,10,70,0,0,,0,0.0,0.0,0.0,저관련비인기
히터쓰리디프린팅서비스,10,70,0,0,,0,0.0,0.0,0.0,저관련비인기
히터쓰리디프린팅,10,70,0,0,,0,0.0,0.0,0.0,저관련비인기
히터쓰리디프린터대행,10,70,0,0,,0,0.0,0.0,0.0,저관련비인기
히터쓰리디프린터서비스,10,70,0,0,,0,0.0,0.0,0.0,저관련비인기
히터쓰리디프린터,10,70,0,0,,0,0.0,0.0,0.0,저관련비인기
히터3D출력대행,10,70,0,0,,0,0.0,0.0,0.0,저관련비인기
히터3D출력서비스,10,70,0,0,,0,0.0,0.0,0.0,저관련비인기
히터3D출력,10,70,0,0,,0,0.0,0.0,0.0,저관련비인기
히터3D출력소,10,70,0,0,,0,0.0,0.0,0.0,저관련비인기
히터쓰리디출력대행,10,70,0,0,,0,0.0,0.0,0.0,저관련비인기
히터쓰리디출력서비스,10,70,0,0,,0,0.0,0.0,0.0,저관련비인기
히터쓰리디출력,10,70,0,0,,0,0.0,0.0,0.0,저관련비인기
히터쓰리디출력소,10,70,0,0,,0,0.0,0.0,0.0,저관련비인기
다리미3D프린팅대행,10,70,0,0,,0,0.0,0.0,0.0,저관련비인기
다리미3D프린팅서비스,10,70,0,0,,0,0.0,0.0,0.0,저관련비인기
다리미3D프린팅,10,70,0,0,,0,0.0,0.0,0.0,저관련비인기
다리미3D프린터대행,10,70,0,0,,0,0.0,0.0,0.0,저관련비인기
다리미3D프린터서비스,10,70,0,0,,0,0.0,0.0,0.0,저관련비인기
다리미3D프린터,10,70,0,0,,0,0.0,0.0,0.0,저관련비인기
다리미쓰리디프린팅대행,10,70,0,0,,0,0.0,0.0,0.0,저관련비인기
다리미쓰리디프린팅서비스,10,70,0,0,,0,0.0,0.0,0.0,저관련비인기
다리미쓰리디프린팅,10,70,0,0,,0,0.0,0.0,0.0,저관련비인기
다리미쓰리디프린터대행,10,70,0,0,,0,0.0,0.0,0.0,저관련비인기
다리미쓰리디프린터서비스,10,70,0,0,,0,0.0,0.0,0.0,저관련비인기
다리미쓰리디프린터,10,70,0,0,,0,0.0,0.0,0.0,저관련비인기
다리미3D출력대행,10,70,0,0,,0,0.0,0.0,0.0,저관련비인기
다리미3D출력서비스,10,70,0,0,,0,0.0,0.0,0.0,저관련비인기
다리미3D출력,10,70,0,0,,0,0.0,0.0,0.0,저관련비인기
다리미3D출력소,10,70,0,0,,0,0.0,0.0,0.0,저관련비인기
다리미쓰리디출력대행,10,70,0,0,,0,0.0,0.0,0.0,저관련비인기
다리미쓰리디출력서비스,10,70,0,0,,0,0.0,0.0,0.0,저관련비인기
다리미쓰리디출력,10,70,0,0,,0,0.0,0.0,0.0,저관련비인기
다리미쓰리디출력소,10,70,0,0,,0,0.0,0.0,0.0,저관련비인기
면도기3D프린팅대행,10,70,0,0,,0,0.0,0.0,0.0,저관련비인기
면도기3D프린팅서비스,10,70,0,0,,0,0.0,0.0,0.0,저관련비인기
면도기3D프린팅,10,70,0,0,,0,0.0,0.0,0.0,저관련비인기
면도기3D프린터대행,10,70,0,0,,0,0.0,0.0,0.0,저관련비인기
면도기3D프린터서비스,10,70,0,0,,0,0.0,0.0,0.0,저관련비인기
면도기3D프린터,10,70,0,0,,0,0.0,0.0,0.0,저관련비인기
면도기쓰리디프린팅대행,10,70,0,0,,0,0.0,0.0,0.0,저관련비인기
면도기쓰리디프린팅서비스,10,70,0,0,,0,0.0,0.0,0.0,저관련비인기
면도기쓰리디프린팅,10,70,0,0,,0,0.0,0.0,0.0,저관련비인기
면도기쓰리디프린터대행,10,70,0,0,,0,0.0,0.0,0.0,저관련비인기
면도기쓰리디프린터서비스,10,70,0,0,,0,0.0,0.0,0.0,저관련비인기
면도기쓰리디프린터,10,70,0,0,,0,0.0,0.0,0.0,저관련비인기
면도기3D출력대행,10,70,0,0,,0,0.0,0.0,0.0,저관련비인기
면도기3D출력서비스,10,70,0,0,,0,0.0,0.0,0.0,저관련비인기
면도기3D출력,10,70,0,0,,0,0.0,0.0,0.0,저관련비인기
면도기3D출력소,10,70,0,0,,0,0.0,0.0,0.0,저관련비인기
면도기쓰리디출력대행,10,70,0,0,,0,0.0,0.0,0.0,저관련비인기
면도기쓰리디출력서비스,10,70,0,0,,0,0.0,0.0,0.0,저관련비인기
면도기쓰리디출력,10,70,0,0,,0,0.0,0.0,0.0,저관련비인기
면도기쓰리디출력소,10,70,0,0,,0,0.0,0.0,0.0,저관련비인기
무선기기3D프린팅대행,10,70,0,0,,0,0.0,0.0,0.0,저관련비인기
무선기기3D프린팅서비스,10,70,0,0,,0,0.0,0.0,0.0,저관련비인기
무선기기3D프린팅,10,70,0,0,,0,0.0,0.0,0.0,저관련비인기
무선기기3D프린터대행,10,70,0,0,,0,0.0,0.0,0.0,저관련비인기
무선기기3D프린터서비스,10,70,0,0,,0,0.0,0.0,0.0,저관련비인기
무선기기3D프린터,10,70,0,0,,0,0.0,0.0,0.0,저관련비인기
무선기기쓰리디프린팅대행,10,70,0,0,,0,0.0,0.0,0.0,저관련비인기
무선기기쓰리디프린팅서비스,10,70,0,0,,0,0.0,0.0,0.0,저관련비인기
무선기기쓰리디프린팅,10,70,0,0,,0,0.0,0.0,0.0,저관련비인기
무선기기쓰리디프린터대행,10,70,0,0,,0,0.0,0.0,0.0,저관련비인기
무선기기쓰리디프린터서비스,10,70,0,0,,0,0.0,0.0,0.0,저관련비인기
무선기기쓰리디프린터,10,70,0,0,,0,0.0,0.0,0.0,저관련비인기
무선기기3D출력대행,10,70,0,0,,0,0.0,0.0,0.0,저관련비인기
무선기기3D출력서비스,10,70,0,0,,0,0.0,0.0,0.0,저관련비인기
무선기기3D출력,10,70,0,0,,0,0.0,0.0,0.0,저관련비인기
무선기기3D출력소,10,70,0,0,,0,0.0,0.0,0.0,저관련비인기
무선기기쓰리디출력대행,10,70,0,0,,0,0.0,0.0,0.0,저관련비인기
무선기기쓰리디출력서비스,10,70,0,0,,0,0.0,0.0,0.0,저관련비인기
무선기기쓰리디출력,10,70,0,0,,0,0.0,0.0,0.0,저관련비인기
무선기기쓰리디출력소,10,70,0,0,,0,0.0,0.0,0.0,저관련비인기
블루투스기기3D프린팅대행,10,70,0,0,,0,0.0,0.0,0.0,저관련비인기
블루투스기기3D프린팅서비스,10,70,0,0,,0,0.0,0.0,0.0,저관련비인기
블루투스기기3D프린팅,10,70,0,0,,0,0.0,0.0,0.0,저관련비인기
블루투스기기3D프린터대행,10,70,0,0,,0,0.0,0.0,0.0,저관련비인기
블루투스기기3D프린터서비스,10,70,0,0,,0,0.0,0.0,0.0,저관련비인기
블루투스기기3D프린터,10,70,0,0,,0,0.0,0.0,0.0,저관련비인기
블루투스기기쓰리디프린팅대행,10,70,0,0,,0,0.0,0.0,0.0,저관련비인기
블루투스기기쓰리디프린팅서비스,10,70,0,0,,0,0.0,0.0,0.0,저관련비인기
블루투스기기쓰리디프린팅,10,70,0,0,,0,0.0,0.0,0.0,저관련비인기
블루투스기기쓰리디프린터대행,10,70,0,0,,0,0.0,0.0,0.0,저관련비인기
블루투스기기쓰리디프린터서비스,10,70,0,0,,0,0.0,0.0,0.0,저관련비인기
블루투스기기쓰리디프린터,10,70,0,0,,0,0.0,0.0,0.0,저관련비인기
블루투스기기3D출력대행,10,70,0,0,,0,0.0,0.0,0.0,저관련비인기
블루투스기기3D출력서비스,10,70,0,0,,0,0.0,0.0,0.0,저관련비인기
블루투스기기3D출력,10,70,0,0,,0,0.0,0.0,0.0,저관련비인기
블루투스기기3D출력소,10,70,0,0,,0,0.0,0.0,0.0,저관련비인기
블루투스기기쓰리디출력대행,10,70,0,0,,0,0.0,0.0,0.0,저관련비인기
블루투스기기쓰리디출력서비스,10,70,0,0,,0,0.0,0.0,0.0,저관련비인기
블루투스기기쓰리디출력,10,70,0,0,,0,0.0,0.0,0.0,저관련비인기
블루투스기기쓰리디출력소,10,70,0,0,,0,0.0,0.0,0.0,저관련비인기
블루투스기기대행,10,70,0,0,,0,0.0,0.0,0.0,저관련비인기
블루투스기기서비스,10,70,0,0,,0,0.0,0.0,0.0,저관련비인기
블루투스기기,10,70,20,0,,0,0.0,0.0,0.0,저관련비인기
주얼리3D프린팅대행,10,70,0,0,,0,0.0,0.0,0.0,저관련비인기
주얼리3D프린팅서비스,10,70,0,0,,0,0.0,0.0,0.0,저관련비인기
주얼리3D프린팅,10,70,10,0,,0,0.0,0.0,0.0,저관련비인기
주얼리3D프린터대행,10,70,0,0,,0,0.0,0.0,0.0,저관련비인기
주얼리3D프린터서비스,10,70,0,0,,0,0.0,0.0,0.0,저관련비인기
주얼리쓰리디프린팅대행,10,70,0,0,,0,0.0,0.0,0.0,저관련비인기
주얼리쓰리디프린팅서비스,10,70,0,0,,0,0.0,0.0,0.0,저관련비인기
주얼리쓰리디프린팅,10,70,0,0,,0,0.0,0.0,0.0,저관련비인기
주얼리쓰리디프린터대행,10,70,0,0,,0,0.0,0.0,0.0,저관련비인기
주얼리쓰리디프린터서비스,10,70,0,0,,0,0.0,0.0,0.0,저관련비인기
주얼리쓰리디프린터,10,70,0,0,,0,0.0,0.0,0.0,저관련비인기
주얼리3D출력대행,10,70,0,0,,0,0.0,0.0,0.0,저관련비인기
주얼리3D출력서비스,10,70,0,0,,0,0.0,0.0,0.0,저관련비인기
주얼리3D출력,10,70,0,0,,0,0.0,0.0,0.0,저관련비인기
주얼리3D출력소,10,70,0,0,,0,0.0,0.0,0.0,저관련비인기
주얼리쓰리디출력대행,10,70,0,0,,0,0.0,0.0,0.0,저관련비인기
주얼리쓰리디출력서비스,10,70,0,0,,0,0.0,0.0,0.0,저관련비인기
주얼리쓰리디출력,10,70,0,0,,0,0.0,0.0,0.0,저관련비인기
주얼리쓰리디출력소,10,70,0,0,,0,0.0,0.0,0.0,저관련비인기
레저용품3D프린팅대행,10,70,0,0,,0,0.0,0.0,0.0,저관련비인기
레저용품3D프린팅서비스,10,70,0,0,,0,0.0,0.0,0.0,저관련비인기
레저용품3D프린팅,10,70,0,0,,0,0.0,0.0,0.0,저관련비인기
레저용품3D프린터대행,10,70,0,0,,0,0.0,0.0,0.0,저관련비인기
레저용품3D프린터서비스,10,70,0,0,,0,0.0,0.0,0.0,저관련비인기
레저용품3D프린터,10,70,0,0,,0,0.0,0.0,0.0,저관련비인기
레저용품쓰리디프린팅대행,10,70,0,0,,0,0.0,0.0,0.0,저관련비인기
레저용품쓰리디프린팅서비스,10,70,0,0,,0,0.0,0.0,0.0,저관련비인기
레저용품쓰리디프린팅,10,70,0,0,,0,0.0,0.0,0.0,저관련비인기
레저용품쓰리디프린터대행,10,70,0,0,,0,0.0,0.0,0.0,저관련비인기
레저용품쓰리디프린터서비스,10,70,0,0,,0,0.0,0.0,0.0,저관련비인기
레저용품쓰리디프린터,10,70,0,0,,0,0.0,0.0,0.0,저관련비인기
레저용품3D출력대행,10,70,0,0,,0,0.0,0.0,0.0,저관련비인기
레저용품3D출력서비스,10,70,0,0,,0,0.0,0.0,0.0,저관련비인기
레저용품3D출력,10,70,0,0,,0,0.0,0.0,0.0,저관련비인기
레저용품3D출력소,10,70,0,0,,0,0.0,0.0,0.0,저관련비인기
레저용품쓰리디출력대행,10,70,0,0,,0,0.0,0.0,0.0,저관련비인기
레저용품쓰리디출력서비스,10,70,0,0,,0,0.0,0.0,0.0,저관련비인기
레저용품쓰리디출력,10,70,0,0,,0,0.0,0.0,0.0,저관련비인기
레저용품쓰리디출력소,10,70,0,0,,0,0.0,0.0,0.0,저관련비인기
낚시용품3D프린팅대행,10,70,0,0,,0,0.0,0.0,0.0,저관련비인기
낚시용품3D프린팅서비스,10,70,0,0,,0,0.0,0.0,0.0,저관련비인기
낚시용품3D프린팅,10,70,0,0,,0,0.0,0.0,0.0,저관련비인기
낚시용품3D프린터대행,10,70,0,0,,0,0.0,0.0,0.0,저관련비인기
낚시용품3D프린터서비스,10,70,0,0,,0,0.0,0.0,0.0,저관련비인기
낚시용품3D프린터,10,70,0,0,,0,0.0,0.0,0.0,저관련비인기
낚시용품쓰리디프린팅대행,10,70,0,0,,0,0.0,0.0,0.0,저관련비인기
낚시용품쓰리디프린팅서비스,10,70,0,0,,0,0.0,0.0,0.0,저관련비인기
낚시용품쓰리디프린팅,10,70,0,0,,0,0.0,0.0,0.0,저관련비인기
낚시용품쓰리디프린터대행,10,70,0,0,,0,0.0,0.0,0.0,저관련비인기
낚시용품쓰리디프린터서비스,10,70,0,0,,0,0.0,0.0,0.0,저관련비인기
낚시용품쓰리디프린터,10,70,0,0,,0,0.0,0.0,0.0,저관련비인기
낚시용품3D출력대행,10,70,0,0,,0,0.0,0.0,0.0,저관련비인기
낚시용품3D출력서비스,10,70,0,0,,0,0.0,0.0,0.0,저관련비인기
낚시용품3D출력,10,70,0,0,,0,0.0,0.0,0.0,저관련비인기
낚시용품3D출력소,10,70,0,0,,0,0.0,0.0,0.0,저관련비인기
낚시용품쓰리디출력대행,10,70,0,0,,0,0.0,0.0,0.0,저관련비인기
낚시용품쓰리디출력서비스,10,70,0,0,,0,0.0,0.0,0.0,저관련비인기
낚시용품쓰리디출력,10,70,0,0,,0,0.0,0.0,0.0,저관련비인기
낚시용품쓰리디출력소,10,70,0,0,,0,0.0,0.0,0.0,저관련비인기
용품3D프린팅대행,10,70,0,0,,0,0.0,0.0,0.0,저관련비인기
용품3D프린팅서비스,10,70,0,0,,0,0.0,0.0,0.0,저관련비인기
용품3D프린팅,10,70,0,0,,0,0.0,0.0,0.0,저관련비인기
용품3D프린터대행,10,70,0,0,,0,0.0,0.0,0.0,저관련비인기
용품3D프린터서비스,10,70,0,0,,0,0.0,0.0,0.0,저관련비인기
용품3D프린터,10,70,0,0,,0,0.0,0.0,0.0,저관련비인기
용품쓰리디프린팅대행,10,70,0,0,,0,0.0,0.0,0.0,저관련비인기
용품쓰리디프린팅서비스,10,70,0,0,,0,0.0,0.0,0.0,저관련비인기
용품쓰리디프린팅,10,70,0,0,,0,0.0,0.0,0.0,저관련비인기
용품쓰리디프린터대행,10,70,0,0,,0,0.0,0.0,0.0,저관련비인기
용품쓰리디프린터서비스,10,70,0,0,,0,0.0,0.0,0.0,저관련비인기
용품쓰리디프린터,10,70,0,0,,0,0.0,0.0,0.0,저관련비인기
용품3D출력대행,10,70,0,0,,0,0.0,0.0,0.0,저관련비인기
용품3D출력서비스,10,70,0,0,,0,0.0,0.0,0.0,저관련비인기
용품3D출력,10,70,0,0,,0,0.0,0.0,0.0,저관련비인기
용품3D출력소,10,70,0,0,,0,0.0,0.0,0.0,저관련비인기
용품쓰리디출력대행,10,70,0,0,,0,0.0,0.0,0.0,저관련비인기
용품쓰리디출력서비스,10,70,0,0,,0,0.0,0.0,0.0,저관련비인기
용품쓰리디출력,10,70,0,0,,0,0.0,0.0,0.0,저관련비인기
용품쓰리디출력소,10,70,0,0,,0,0.0,0.0,0.0,저관련비인기
캠핑용품3D프린팅대행,10,70,0,0,,0,0.0,0.0,0.0,저관련비인기
캠핑용품3D프린팅서비스,10,70,0,0,,0,0.0,0.0,0.0,저관련비인기
캠핑용품3D프린팅,10,70,0,0,,0,0.0,0.0,0.0,저관련비인기
캠핑용품3D프린터대행,10,70,0,0,,0,0.0,0.0,0.0,저관련비인기
캠핑용품3D프린터서비스,10,70,0,0,,0,0.0,0.0,0.0,저관련비인기
캠핑용품3D프린터,10,70,0,0,,0,0.0,0.0,0.0,저관련비인기
캠핑용품쓰리디프린팅대행,10,70,0,0,,0,0.0,0.0,0.0,저관련비인기
캠핑용품쓰리디프린팅서비스,10,70,0,0,,0,0.0,0.0,0.0,저관련비인기
캠핑용품쓰리디프린팅,10,70,0,0,,0,0.0,0.0,0.0,저관련비인기
캠핑용품쓰리디프린터대행,10,70,0,0,,0,0.0,0.0,0.0,저관련비인기
캠핑용품쓰리디프린터서비스,10,70,0,0,,0,0.0,0.0,0.0,저관련비인기
캠핑용품쓰리디프린터,10,70,0,0,,0,0.0,0.0,0.0,저관련비인기
캠핑용품3D출력대행,10,70,0,0,,0,0.0,0.0,0.0,저관련비인기
캠핑용품3D출력서비스,10,70,0,0,,0,0.0,0.0,0.0,저관련비인기
캠핑용품3D출력,10,70,0,0,,0,0.0,0.0,0.0,저관련비인기
캠핑용품3D출력소,10,70,0,0,,0,0.0,0.0,0.0,저관련비인기
캠핑용품쓰리디출력대행,10,70,0,0,,0,0.0,0.0,0.0,저관련비인기
캠핑용품쓰리디출력서비스,10,70,0,0,,0,0.0,0.0,0.0,저관련비인기
캠핑용품쓰리디출력,10,70,0,0,,0,0.0,0.0,0.0,저관련비인기
캠핑용품쓰리디출력소,10,70,0,0,,0,0.0,0.0,0.0,저관련비인기
취미3D프린팅대행,10,70,0,0,,0,0.0,0.0,0.0,저관련비인기
취미3D프린팅서비스,10,70,0,0,,0,0.0,0.0,0.0,저관련비인기
취미3D프린팅,10,70,0,0,,0,0.0,0.0,0.0,저관련비인기
취미3D프린터대행,10,70,0,0,,0,0.0,0.0,0.0,저관련비인기
취미3D프린터서비스,10,70,0,0,,0,0.0,0.0,0.0,저관련비인기
취미3D프린터,10,70,0,0,,0,0.0,0.0,0.0,저관련비인기
취미쓰리디프린팅대행,10,70,0,0,,0,0.0,0.0,0.0,저관련비인기
취미쓰리디프린팅서비스,10,70,0,0,,0,0.0,0.0,0.0,저관련비인기
취미쓰리디프린팅,10,70,0,0,,0,0.0,0.0,0.0,저관련비인기
취미쓰리디프린터대행,10,70,0,0,,0,0.0,0.0,0.0,저관련비인기
취미쓰리디프린터서비스,10,70,0,0,,0,0.0,0.0,0.0,저관련비인기
취미쓰리디프린터,10,70,0,0,,0,0.0,0.0,0.0,저관련비인기
취미3D출력대행,10,70,0,0,,0,0.0,0.0,0.0,저관련비인기
취미3D출력서비스,10,70,0,0,,0,0.0,0.0,0.0,저관련비인기
취미3D출력,10,70,0,0,,0,0.0,0.0,0.0,저관련비인기
취미3D출력소,10,70,0,0,,0,0.0,0.0,0.0,저관련비인기
취미쓰리디출력대행,10,70,0,0,,0,0.0,0.0,0.0,저관련비인기
취미쓰리디출력서비스,10,70,0,0,,0,0.0,0.0,0.0,저관련비인기
취미쓰리디출력,10,70,0,0,,0,0.0,0.0,0.0,저관련비인기
취미쓰리디출력소,10,70,0,0,,0,0.0,0.0,0.0,저관련비인기
실험기기3D프린팅대행,10,70,0,0,,0,0.0,0.0,0.0,저관련비인기
실험기기3D프린팅서비스,10,70,0,0,,0,0.0,0.0,0.0,저관련비인기
실험기기3D프린팅,10,70,0,0,,0,0.0,0.0,0.0,저관련비인기
실험기기3D프린터대행,10,70,0,0,,0,0.0,0.0,0.0,저관련비인기
실험기기3D프린터서비스,10,70,0,0,,0,0.0,0.0,0.0,저관련비인기
실험기기3D프린터,10,70,0,0,,0,0.0,0.0,0.0,저관련비인기
실험기기쓰리디프린팅대행,10,70,0,0,,0,0.0,0.0,0.0,저관련비인기
실험기기쓰리디프린팅서비스,10,70,0,0,,0,0.0,0.0,0.0,저관련비인기
실험기기쓰리디프린팅,10,70,0,0,,0,0.0,0.0,0.0,저관련비인기
실험기기쓰리디프린터대행,10,70,0,0,,0,0.0,0.0,0.0,저관련비인기
실험기기쓰리디프린터서비스,10,70,0,0,,0,0.0,0.0,0.0,저관련비인기
실험기기쓰리디프린터,10,70,0,0,,0,0.0,0.0,0.0,저관련비인기
실험기기3D출력대행,10,70,0,0,,0,0.0,0.0,0.0,저관련비인기
실험기기3D출력서비스,10,70,0,0,,0,0.0,0.0,0.0,저관련비인기
실험기기3D출력,10,70,0,0,,0,0.0,0.0,0.0,저관련비인기
실험기기3D출력소,10,70,0,0,,0,0.0,0.0,0.0,저관련비인기
실험기기쓰리디출력대행,10,70,0,0,,0,0.0,0.0,0.0,저관련비인기
실험기기쓰리디출력서비스,10,70,0,0,,0,0.0,0.0,0.0,저관련비인기
실험기기쓰리디출력,10,70,0,0,,0,0.0,0.0,0.0,저관련비인기
실험기기쓰리디출력소,10,70,0,0,,0,0.0,0.0,0.0,저관련비인기
실험용품3D프린팅대행,10,70,0,0,,0,0.0,0.0,0.0,저관련비인기
실험용품3D프린팅서비스,10,70,0,0,,0,0.0,0.0,0.0,저관련비인기
실험용품3D프린팅,10,70,0,0,,0,0.0,0.0,0.0,저관련비인기
실험용품3D프린터대행,10,70,0,0,,0,0.0,0.0,0.0,저관련비인기
실험용품3D프린터서비스,10,70,0,0,,0,0.0,0.0,0.0,저관련비인기
실험용품3D프린터,10,70,0,0,,0,0.0,0.0,0.0,저관련비인기
실험용품쓰리디프린팅대행,10,70,0,0,,0,0.0,0.0,0.0,저관련비인기
실험용품쓰리디프린팅서비스,10,70,0,0,,0,0.0,0.0,0.0,저관련비인기
실험용품쓰리디프린팅,10,70,0,0,,0,0.0,0.0,0.0,저관련비인기
실험용품쓰리디프린터대행,10,70,0,0,,0,0.0,0.0,0.0,저관련비인기
실험용품쓰리디프린터서비스,10,70,0,0,,0,0.0,0.0,0.0,저관련비인기
실험용품쓰리디프린터,10,70,0,0,,0,0.0,0.0,0.0,저관련비인기
실험용품3D출력대행,10,70,0,0,,0,0.0,0.0,0.0,저관련비인기
실험용품3D출력서비스,10,70,0,0,,0,0.0,0.0,0.0,저관련비인기
실험용품3D출력,10,70,0,0,,0,0.0,0.0,0.0,저관련비인기
실험용품3D출력소,10,70,0,0,,0,0.0,0.0,0.0,저관련비인기
실험용품쓰리디출력대행,10,70,0,0,,0,0.0,0.0,0.0,저관련비인기
실험용품쓰리디출력서비스,10,70,0,0,,0,0.0,0.0,0.0,저관련비인기
실험용품쓰리디출력,10,70,0,0,,0,0.0,0.0,0.0,저관련비인기
실험용품쓰리디출력소,10,70,0,0,,0,0.0,0.0,0.0,저관련비인기
마스크3D프린팅대행,10,70,0,0,,0,0.0,0.0,0.0,저관련비인기
마스크3D프린팅서비스,10,70,0,0,,0,0.0,0.0,0.0,저관련비인기
마스크3D프린팅,10,70,0,0,,0,0.0,0.0,0.0,저관련비인기
마스크3D프린터대행,10,70,0,0,,0,0.0,0.0,0.0,저관련비인기
마스크3D프린터서비스,10,70,0,0,,0,0.0,0.0,0.0,저관련비인기
마스크3D프린터,10,70,0,0,,0,0.0,0.0,0.0,저관련비인기
마스크쓰리디프린팅대행,10,70,0,0,,0,0.0,0.0,0.0,저관련비인기
마스크쓰리디프린팅서비스,10,70,0,0,,0,0.0,0.0,0.0,저관련비인기
마스크쓰리디프린팅,10,70,0,0,,0,0.0,0.0,0.0,저관련비인기
마스크쓰리디프린터대행,10,70,0,0,,0,0.0,0.0,0.0,저관련비인기
마스크쓰리디프린터서비스,10,70,0,0,,0,0.0,0.0,0.0,저관련비인기
마스크쓰리디프린터,10,70,0,0,,0,0.0,0.0,0.0,저관련비인기
마스크3D출력대행,10,70,0,0,,0,0.0,0.0,0.0,저관련비인기
마스크3D출력서비스,10,70,0,0,,0,0.0,0.0,0.0,저관련비인기
마스크3D출력,10,70,0,0,,0,0.0,0.0,0.0,저관련비인기
마스크3D출력소,10,70,0,0,,0,0.0,0.0,0.0,저관련비인기
마스크쓰리디출력대행,10,70,0,0,,0,0.0,0.0,0.0,저관련비인기
마스크쓰리디출력서비스,10,70,0,0,,0,0.0,0.0,0.0,저관련비인기
마스크쓰리디출력,10,70,0,0,,0,0.0,0.0,0.0,저관련비인기
마스크쓰리디출력소,10,70,0,0,,0,0.0,0.0,0.0,저관련비인기
자동차용품3D프린팅대행,10,70,0,0,,0,0.0,0.0,0.0,저관련비인기
자동차용품3D프린팅서비스,10,70,0,0,,0,0.0,0.0,0.0,저관련비인기
자동차용품3D프린팅,10,70,0,0,,0,0.0,0.0,0.0,저관련비인기
자동차용품3D프린터대행,10,70,0,0,,0,0.0,0.0,0.0,저관련비인기
자동차용품3D프린터서비스,10,70,0,0,,0,0.0,0.0,0.0,저관련비인기
자동차용품3D프린터,10,70,0,0,,0,0.0,0.0,0.0,저관련비인기
자동차용품쓰리디프린팅대행,10,70,0,0,,0,0.0,0.0,0.0,저관련비인기
자동차용품쓰리디프린팅서비스,10,70,0,0,,0,0.0,0.0,0.0,저관련비인기
자동차용품쓰리디프린팅,10,70,0,0,,0,0.0,0.0,0.0,저관련비인기
자동차용품쓰리디프린터대행,10,70,0,0,,0,0.0,0.0,0.0,저관련비인기
자동차용품쓰리디프린터서비스,10,70,0,0,,0,0.0,0.0,0.0,저관련비인기
자동차용품쓰리디프린터,10,70,0,0,,0,0.0,0.0,0.0,저관련비인기
자동차용품3D출력대행,10,70,0,0,,0,0.0,0.0,0.0,저관련비인기
자동차용품3D출력서비스,10,70,0,0,,0,0.0,0.0,0.0,저관련비인기
자동차용품3D출력,10,70,0,0,,0,0.0,0.0,0.0,저관련비인기
자동차용품3D출력소,10,70,0,0,,0,0.0,0.0,0.0,저관련비인기
자동차용품쓰리디출력대행,10,70,0,0,,0,0.0,0.0,0.0,저관련비인기
자동차용품쓰리디출력서비스,10,70,0,0,,0,0.0,0.0,0.0,저관련비인기
자동차용품쓰리디출력,10,70,0,0,,0,0.0,0.0,0.0,저관련비인기
자동차용품쓰리디출력소,10,70,0,0,,0,0.0,0.0,0.0,저관련비인기
산업용품3D프린팅대행,10,70,0,0,,0,0.0,0.0,0.0,저관련비인기
산업용품3D프린팅서비스,10,70,0,0,,0,0.0,0.0,0.0,저관련비인기
산업용품3D프린팅,10,70,0,0,,0,0.0,0.0,0.0,저관련비인기
산업용품3D프린터대행,10,70,0,0,,0,0.0,0.0,0.0,저관련비인기
산업용품3D프린터서비스,10,70,0,0,,0,0.0,0.0,0.0,저관련비인기
산업용품3D프린터,10,70,0,0,,0,0.0,0.0,0.0,저관련비인기
산업용품쓰리디프린팅대행,10,70,0,0,,0,0.0,0.0,0.0,저관련비인기
산업용품쓰리디프린팅서비스,10,70,0,0,,0,0.0,0.0,0.0,저관련비인기
산업용품쓰리디프린팅,10,70,0,0,,0,0.0,0.0,0.0,저관련비인기
산업용품쓰리디프린터대행,10,70,0,0,,0,0.0,0.0,0.0,저관련비인기
산업용품쓰리디프린터서비스,10,70,0,0,,0,0.0,0.0,0.0,저관련비인기
산업용품쓰리디프린터,10,70,0,0,,0,0.0,0.0,0.0,저관련비인기
산업용품3D출력대행,10,70,0,0,,0,0.0,0.0,0.0,저관련비인기
산업용품3D출력서비스,10,70,0,0,,0,0.0,0.0,0.0,저관련비인기
산업용품3D출력,10,70,0,0,,0,0.0,0.0,0.0,저관련비인기
산업용품3D출력소,10,70,0,0,,0,0.0,0.0,0.0,저관련비인기
산업용품쓰리디출력대행,10,70,0,0,,0,0.0,0.0,0.0,저관련비인기
산업용품쓰리디출력서비스,10,70,0,0,,0,0.0,0.0,0.0,저관련비인기
산업용품쓰리디출력,10,70,0,0,,0,0.0,0.0,0.0,저관련비인기
산업용품쓰리디출력소,10,70,0,0,,0,0.0,0.0,0.0,저관련비인기
자재3D프린팅대행,10,70,0,0,,0,0.0,0.0,0.0,저관련비인기
자재3D프린팅서비스,10,70,0,0,,0,0.0,0.0,0.0,저관련비인기
자재3D프린팅,10,70,0,0,,0,0.0,0.0,0.0,저관련비인기
자재3D프린터대행,10,70,0,0,,0,0.0,0.0,0.0,저관련비인기
자재3D프린터서비스,10,70,0,0,,0,0.0,0.0,0.0,저관련비인기
자재3D프린터,10,70,0,0,,0,0.0,0.0,0.0,저관련비인기
자재쓰리디프린팅대행,10,70,0,0,,0,0.0,0.0,0.0,저관련비인기
자재쓰리디프린팅서비스,10,70,0,0,,0,0.0,0.0,0.0,저관련비인기
자재쓰리디프린팅,10,70,0,0,,0,0.0,0.0,0.0,저관련비인기
자재쓰리디프린터대행,10,70,0,0,,0,0.0,0.0,0.0,저관련비인기
자재쓰리디프린터서비스,10,70,0,0,,0,0.0,0.0,0.0,저관련비인기
자재쓰리디프린터,10,70,0,0,,0,0.0,0.0,0.0,저관련비인기
자재3D출력대행,10,70,0,0,,0,0.0,0.0,0.0,저관련비인기
자재3D출력서비스,10,70,0,0,,0,0.0,0.0,0.0,저관련비인기
자재3D출력,10,70,0,0,,0,0.0,0.0,0.0,저관련비인기
자재3D출력소,10,70,0,0,,0,0.0,0.0,0.0,저관련비인기
자재쓰리디출력대행,10,70,0,0,,0,0.0,0.0,0.0,저관련비인기
자재쓰리디출력서비스,10,70,0,0,,0,0.0,0.0,0.0,저관련비인기
자재쓰리디출력,10,70,0,0,,0,0.0,0.0,0.0,저관련비인기
자재쓰리디출력소,10,70,0,0,,0,0.0,0.0,0.0,저관련비인기
고양3D프린팅,10,70,0,0,,0,0.0,0.0,0.0,저관련비인기
용인3D프린팅,10,70,0,0,,0,0.0,0.0,0.0,저관련비인기
창원3D프린팅,7,220,1,0,,0,1.7142857142857142,0.0,0.0,저관련비인기
성남3D프린팅,10,70,0,0,,0,0.0,0.0,0.0,저관련비인기
부천3D프린팅,10,70,0,0,,0,0.0,0.0,0.0,저관련비인기
화성3D프린팅,10,70,3,0,,0,0.0,0.0,0.0,저관련비인기
남양주3D프린팅,10,70,0,0,,0,0.0,0.0,0.0,저관련비인기
김해3D프린팅,10,70,0,0,,0,0.0,0.0,0.0,저관련비인기
평택3D프린팅,10,70,0,0,,0,0.0,0.0,0.0,저관련비인기
포항3D프린팅,10,70,0,0,,0,0.0,0.0,0.0,저관련비인기
시흥3D프린팅,10,70,0,0,,0,0.0,0.0,0.0,저관련비인기
파주3D프린팅,10,70,0,0,,0,0.0,0.0,0.0,저관련비인기
의정부3D프린팅,10,70,0,0,,0,0.0,0.0,0.0,저관련비인기
김포3D프린팅,10,70,0,0,,0,0.0,0.0,0.0,저관련비인기
양산3D프린팅,10,70,0,0,,0,0.0,0.0,0.0,저관련비인기
원주3D프린팅,10,70,0,0,,0,0.0,0.0,0.0,저관련비인기
진주3D프린팅,10,70,0,0,,0,0.0,0.0,0.0,저관련비인기
세종3D프린팅,10,70,0,0,,0,0.0,0.0,0.0,저관련비인기
광명3D프린팅,10,70,0,0,,0,0.0,0.0,0.0,저관련비인기
아산3D프린팅,10,70,0,0,,0,0.0,0.0,0.0,저관련비인기
익산3D프린팅,10,70,0,0,,0,0.0,0.0,0.0,저관련비인기
춘천3D프린팅,10,70,8,0,,0,0.0,0.0,0.0,저관련비인기
경산3D프린팅,10,70,0,0,,0,0.0,0.0,0.0,저관련비인기
군포3D프린팅,10,70,0,0,,0,0.0,0.0,0.0,저관련비인기
군산3D프린팅,10,70,0,0,,0,0.0,0.0,0.0,저관련비인기
하남3D프린팅,10,70,0,0,,0,0.0,0.0,0.0,저관련비인기
여수3D프린팅,10,70,0,0,,0,0.0,0.0,0.0,저관련비인기
순천3D프린팅,10,70,0,0,,0,0.0,0.0,0.0,저관련비인기
경주3D프린팅,3,280,3,0,,0,3.0,0.0,0.0,저관련비인기
거제3D프린팅,10,70,0,0,,0,0.0,0.0,0.0,저관련비인기
목포3D프린팅,10,70,0,0,,0,0.0,0.0,0.0,저관련비인기
오산3D프린팅,10,70,0,0,,0,0.0,0.0,0.0,저관련비인기
이천3D프린팅,10,70,0,0,,0,0.0,0.0,0.0,저관련비인기
강릉3D프린팅,10,70,0,0,,0,0.0,0.0,0.0,저관련비인기
양주3D프린팅,10,70,0,0,,0,0.0,0.0,0.0,저관련비인기
충주3D프린팅,10,70,0,0,,0,0.0,0.0,0.0,저관련비인기
안성3D프린팅,10,70,0,0,,0,0.0,0.0,0.0,저관련비인기
구리3D프린팅,10,70,0,0,,0,0.0,0.0,0.0,저관련비인기
서산3D프린팅,10,70,0,0,,0,0.0,0.0,0.0,저관련비인기
서귀포3D프린팅,10,70,0,0,,0,0.0,0.0,0.0,저관련비인기
당진3D프린팅,10,70,0,0,,0,0.0,0.0,0.0,저관련비인기
안동3D프린팅,10,70,0,0,,0,0.0,0.0,0.0,저관련비인기
포천3D프린팅,10,70,0,0,,0,0.0,0.0,0.0,저관련비인기
의왕3D프린팅,10,70,0,0,,0,0.0,0.0,0.0,저관련비인기
광양3D프린팅,10,70,0,0,,0,0.0,0.0,0.0,저관련비인기
김천3D프린팅,10,70,0,0,,0,0.0,0.0,0.0,저관련비인기
제천3D프린팅,10,70,0,0,,0,0.0,0.0,0.0,저관련비인기
통영3D프린팅,10,70,0,0,,0,0.0,0.0,0.0,저관련비인기
논산3D프린팅,10,70,0,0,,0,0.0,0.0,0.0,저관련비인기
칠곡3D프린팅,10,70,0,0,,0,0.0,0.0,0.0,저관련비인기
사천3D프린팅,10,70,0,0,,0,0.0,0.0,0.0,저관련비인기
여주3D프린팅,10,70,0,0,,0,0.0,0.0,0.0,저관련비인기
공주3D프린팅,10,70,0,0,,0,0.0,0.0,0.0,저관련비인기
양평3D프린팅,10,70,0,0,,0,0.0,0.0,0.0,저관련비인기
속초3D프린팅,10,70,0,0,,0,0.0,0.0,0.0,저관련비인기
예산3D프린팅,10,70,0,0,,0,0.0,0.0,0.0,저관련비인기