relKeyword,monthlyPcQcCnt,monthlyMobileQcCnt,monthlyAvePcClkCnt,monthlyAveMobileClkCnt,monthlyAvePcCtr,monthlyAveMobileCtr,plAvgDepth,compIdx
CNC가공,1770,1970,17.0,22.0,1.05,1.23,15,중간
지그,3530,4830,10.1,44.7,0.32,1.01,15,중간
CNC조각기,1100,1300,29.9,36.9,3.05,3.14,15,높음
플라스틱사출,1390,1690,35.9,55.8,2.87,3.47,15,높음
기구설계,1110,540,16.5,7.8,1.62,1.54,15,중간
시제품제작,1550,680,32.6,33.8,2.14,5.54,15,중간
워터젯,1150,1880,16.1,34.5,1.56,1.99,15,높음
CNC선반,2830,4720,22.0,97.8,0.85,2.27,15,중간
자동화지그,10,10,0.0,0.0,0.0,0.0,3,높음
사출금형,1700,1700,21.5,19.0,1.38,1.23,15,중간
지그제작,320,200,14.9,15.8,4.96,8.21,15,높음
제조업,3630,4160,4.7,1.0,0.15,0.03,15,중간
공작기계,1740,1360,12.3,24.3,0.79,1.92,15,중간
디자인업체,510,230,17.3,10.5,3.72,4.98,15,높음
마스터캠,990,820,7.7,15.3,0.87,2.0,15,중간
인서트,3380,5360,14.4,28.8,0.47,0.57,15,중간
목업,7080,6200,20.2,30.3,0.32,0.53,15,중간
JIG,1890,2500,2.6,0.0,0.15,0.0,15,높음
제품제작,130,110,4.7,8.7,3.76,8.03,15,높음
CNC라우터,300,260,15.1,12.4,5.41,5.2,15,높음
리벳,4360,6690,33.9,79.8,0.84,1.28,15,중간
CAD/CAM,230,90,0.4,0.0,0.19,0.0,15,높음
알루미늄가공,620,420,15.3,8.5,2.72,2.2,15,높음
디에스워터젯,130,60,42.0,1.0,37.5,2.95,1,낮음
워터젯가공,250,190,6.2,15.4,2.57,7.75,15,중간
사출,4480,7500,10.8,45.7,0.27,0.66,15,중간
목업제작,340,110,6.8,5.6,2.37,5.39,15,높음
아크릴스카시,1380,1390,37.1,48.5,2.93,3.79,15,중간
소형CNC,130,130,2.7,5.5,2.24,4.2,15,높음
아크릴박스,2600,5760,62.7,207.0,2.62,3.9,15,중간
CNC기계,190,260,3.3,11.5,1.82,4.8,15,중간
소형CNC조각기,80,150,2.6,7.5,3.14,5.18,15,높음
NXUG,410,160,1.6,3.3,0.43,2.12,14,중간
의료기기제작,30,10,2.1,0.7,6.27,4.45,15,높음
플라스틱가공,300,280,10.3,11.0,3.74,4.32,15,높음
UGNX,800,310,4.4,4.3,0.6,1.4,15,중간
조각기,690,1010,5.8,8.7,0.93,0.93,15,중간
디자인외주,550,620,16.1,41.0,3.18,7.21,15,중간
MCT가공,790,1110,5.9,22.0,0.82,2.12,15,중간
금속가공,560,480,13.0,10.8,2.52,2.33,15,높음
우레탄폼,5710,15900,34.9,157.0,0.67,1.07,15,중간
가스켓,4220,5930,25.0,38.8,0.65,0.72,15,중간
정밀가공,260,150,4.1,2.0,1.73,1.36,15,높음
머시닝센터,1470,1470,7.7,30.3,0.57,2.26,15,중간
드릴링,290,250,0.3,0.3,0.1,0.11,15,높음
아크릴가공,1120,980,41.9,40.5,4.11,4.48,15,중간
CNC밀링,530,660,2.7,13.0,0.58,2.14,15,중간
미니CNC조각기,70,130,1.4,0.0,2.07,0.0,14,높음
기구제작,30,20,0.9,1.0,3.21,4.0,15,높음
CAM,2510,2960,2.5,2.3,0.11,0.09,15,중간
자동선반,280,320,5.1,5.0,1.87,1.64,15,높음
식품기계제작,30,30,2.1,2.0,11.49,5.89,15,높음
수배전반,1490,890,12.1,8.7,0.9,1.06,15,중간
설계,4390,4020,1.1,3.0,0.03,0.09,15,중간
기계제작가공,10,30,3.3,3.1,16.67,9.0,4,낮음
테프론가공,240,190,9.6,4.0,4.39,2.28,15,높음
DS워터젯,30,10,10.0,0.0,45.46,0.0,1,중간
노즐,3090,3740,34.7,39.3,1.23,1.13,15,중간
MOCKUP,3860,2870,5.0,0.0,0.15,0.0,15,중간
도면해독,160,130,0.3,0.0,0.19,0.0,14,중간
압입기,120,60,1.3,1.3,1.16,1.99,15,높음
에폭시,8000,17100,18.5,131.5,0.26,0.83,15,중간
목공CNC,240,500,9.2,39.0,4.2,8.83,15,높음
석재가공,160,220,7.1,17.3,4.71,8.3,15,높음
선반가공,880,1490,5.1,21.5,0.65,1.53,15,중간
컴퓨터응용선반기능사실기,110,100,0.7,0.0,0.65,0.0,7,중간
WATERJET,180,130,1.1,0.5,0.66,0.41,15,높음
제품설계,420,140,4.1,3.0,1.1,2.1,15,중간
정량펌프,750,440,17.9,14.3,2.61,3.41,15,중간
소형공작기계,30,50,2.3,4.7,7.3,8.98,15,높음
인서트너트,650,630,13.5,25.0,2.31,4.11,15,중간
DSWATER,50,20,0.7,0.0,1.34,0.0,8,중간
샘플제작,190,210,6.1,12.0,3.34,5.89,15,높음
소형기계제작,< 10,< 10,1.1,0.3,27.28,5.56,3,낮음
5축가공기,230,150,3.4,8.8,1.62,5.76,15,높음
CNC가공업체,110,100,3.0,6.7,3.04,7.5,15,높음
JIG제작,30,< 10,1.5,0.0,4.2,0.0,15,높음
제품개발설계,70,60,2.2,0.7,3.19,1.12,15,높음
산업기계제작,10,10,0.3,0.0,1.91,0.0,15,높음
소형조각기,60,100,1.5,0.7,2.63,0.67,15,높음
CNCG코드,530,800,1.0,0.0,0.21,0.0,4,낮음
디자인의뢰,290,230,14.0,19.0,5.19,8.76,15,높음
디자인목업,170,60,1.9,1.7,1.2,2.49,15,높음
중고CNC조각기,130,180,8.3,7.8,6.48,4.41,14,높음
3D모형제작,30,40,1.5,2.0,5.12,6.07,15,높음
기구설계업체,10,10,1.6,0.0,13.34,0.0,15,높음
알루미늄CNC가공,150,130,3.5,1.8,2.48,1.48,15,높음
너트,4120,8460,19.4,88.7,0.52,1.13,15,중간
아크릴표찰,380,260,15.3,16.0,4.08,6.64,15,높음
POWERMILL,130,40,0.2,0.0,0.18,0.0,15,높음
CNC가공기,40,30,0.3,0.3,0.93,0.87,15,높음
리드스크류,400,170,4.2,4.3,1.14,2.61,15,높음
충진기,770,760,18.6,18.3,2.66,2.56,15,중간
압력탱크,430,320,11.5,6.8,2.85,2.31,15,높음
고압펌프,540,1070,16.3,22.0,3.19,2.26,15,높음
워킹목업,140,40,2.1,2.3,1.7,6.67,15,높음
마스터캠교육,30,50,1.1,3.0,3.7,6.39,10,중간
캐드기초,360,210,0.1,0.3,0.03,0.13,15,높음
CNC선반가공,160,260,1.9,3.8,1.31,1.57,15,높음
지그제작업체,20,10,0.6,1.0,2.86,12.5,15,높음
탈포기,640,1090,6.3,14.5,1.06,1.41,15,중간
UV경화기,680,800,17.8,24.8,2.86,3.32,15,중간
아크릴받침대,550,970,8.1,34.5,1.62,3.96,15,높음
알루미늄제작,170,240,5.9,13.5,3.6,6.11,15,높음
CNC공작기계,100,70,0.1,0.0,0.14,0.0,15,높음
조립지그,40,20,0.1,0.3,0.31,1.05,14,중간
기구개발,70,30,0.9,0.0,1.44,0.0,15,높음
아크릴수조,410,980,14.3,48.9,3.81,5.31,15,중간
철판제작,210,420,6.5,22.0,3.45,5.81,14,중간
UG,1810,3320,1.1,1.3,0.07,0.05,15,중간
CNC머신,100,80,0.9,0.8,1.09,1.09,15,높음
NX8.5,130,40,0.6,0.5,0.57,1.12,11,중간
레이저가공,1040,760,18.3,16.5,1.96,2.36,15,높음
아크릴거치대,970,1220,22.3,69.7,2.57,6.06,15,중간
씨마트론,130,40,0.5,0.8,0.41,1.98,9,중간
스크류,2340,3430,18.1,34.8,0.85,1.09,15,높음
프리랜서디자이너,380,470,10.5,21.9,3.09,4.93,15,높음
마스터캠X9,70,70,0.3,0.0,0.41,0.0,4,낮음
CNC조각,80,70,1.2,1.3,1.5,1.9,15,높음
디자인알바,270,500,16.5,81.4,6.46,17.55,15,중간
지그업체,20,10,0.7,0.3,2.93,3.04,14,높음
사출금형설계,120,60,0.5,0.5,0.46,0.8,15,높음
압출기,970,2330,9.1,25.3,1.02,1.17,15,중간
계측기,2380,1610,18.1,19.8,0.83,1.34,15,중간
워터젯절단,60,20,1.8,0.0,3.08,0.0,9,중간
우레탄,5500,9350,17.1,53.3,0.34,0.62,15,중간
카본가공,60,60,2.2,3.0,3.68,6.0,15,높음
티타늄가공,130,140,8.4,11.3,6.32,8.4,15,높음
캐드,12000,16500,30.5,87.3,0.28,0.57,15,중간
BUSH,2020,6910,5.2,5.0,0.28,0.08,13,중간
샤프트가공,80,40,6.0,0.8,8.22,1.98,15,높음
디자인작업,70,30,1.3,0.7,2.19,1.81,15,높음
제품디자인외주,20,10,0.9,0.0,5.5,0.0,15,높음
알루미늄절단,140,200,1.9,0.3,1.41,0.17,15,높음
절삭가공,540,290,2.8,3.0,0.55,1.12,15,높음
CNC제작,30,60,0.8,1.3,2.09,2.12,12,중간
고무가공,50,20,3.0,1.5,6.08,5.56,14,높음
유니그래픽스,110,40,0.4,0.0,0.41,0.0,14,중간
PCB검사지그,20,10,1.7,0.3,8.34,2.78,11,중간
링,2920,11100,6.1,60.8,0.23,0.58,15,높음
워터제트,250,360,1.6,6.5,0.68,1.99,14,중간
디자인제품,90,80,0.3,0.3,0.34,0.46,15,높음
대리석가공,100,120,1.9,4.0,1.82,3.71,15,높음
주사기,4880,12400,7.9,15.5,0.18,0.14,15,중간
핀가공,60,30,5.3,1.5,8.11,4.29,12,중간
아크릴재단,6680,16500,241.0,904.2,3.93,5.98,15,중간
기계요소설계,430,210,0.3,0.3,0.07,0.13,15,중간
임가공,2660,2090,2.2,0.3,0.1,0.02,15,높음
우레탄가공,120,80,3.4,5.3,2.97,5.97,15,높음
CNCROUTER,20,10,0.2,0.4,0.69,3.45,6,중간
유리가공업체,30,30,3.4,2.8,11.65,8.8,10,중간
5축가공,350,180,5.9,2.5,1.76,1.49,15,높음
플라스틱제작,360,500,14.1,33.3,4.26,7.1,15,높음
CNC교육,70,80,2.8,5.3,4.12,6.93,15,높음
스테인레스제작,160,320,9.7,29.3,6.05,9.65,15,높음
CNC가공프로그램,30,60,0.8,0.3,2.5,0.53,8,중간
화낙CNC,< 10,< 10,0.0,0.0,0.0,0.0,2,중간
발명품제작,10,30,1.0,3.8,7.15,10.72,15,높음
PP가공,30,20,1.3,0.0,3.34,0.0,15,높음
MOCK-UP,490,100,0.3,0.0,0.08,0.0,15,높음
아세탈가공,40,10,1.4,0.3,3.19,2.09,15,높음
졸업작품목업,10,10,1.1,3.0,8.1,25.0,15,높음
초정밀가공,50,20,2.2,0.0,4.16,0.0,15,높음
턴밀가공,20,< 10,0.3,0.0,2.23,0.0,3,높음
스테인레스CNC,< 10,10,0.9,0.0,11.12,0.0,1,중간
CNC부품,40,30,1.1,1.3,3.11,4.17,13,중간
아크릴탭가공,10,< 10,0.7,0.0,11.12,0.0,2,중간
선반센터,40,50,0.8,1.0,1.92,1.9,7,중간
금속가공기계,40,50,1.0,0.3,2.32,0.63,14,높음
아크릴곡면가공,< 10,< 10,1.0,0.0,50.0,0.0,1,중간
아크릴CNC가공,50,50,2.7,1.3,5.56,2.73,15,높음
CNC복합기,110,120,1.9,1.3,1.88,1.09,15,높음
인천CNC,20,30,1.0,0.0,4.35,0.0,3,높음
아크릴CNC,170,130,8.5,6.3,5.76,4.99,15,높음
CNC커팅,40,30,0.7,1.3,1.71,3.81,15,높음
파이프절단,220,200,2.9,3.7,1.39,1.85,15,높음
CNC절단,30,40,0.9,0.0,2.81,0.0,15,높음
파이프절단업체,< 10,< 10,0.0,0.0,0.0,0.0,3,높음
판재가공,30,< 10,0.7,0.0,1.85,0.0,13,중간
판재절단,< 10,< 10,0.3,0.0,4.17,0.0,3,높음
플라스틱절단,140,400,1.4,1.3,1.0,0.35,11,중간
화강석가공,< 10,< 10,1.0,0.9,14.29,14.29,3,높음
파이프절단기계,< 10,10,0.3,0.3,16.67,3.34,3,높음
CNC가공기계,10,20,0.0,0.0,0.0,0.0,3,높음
카본절단,10,20,0.0,0.4,0.0,2.0,3,높음
카본파이프가공,< 10,< 10,0.0,0.5,0.0,9.1,3,높음
타일가공,10,20,0.3,0.3,2.39,1.0,13,중간
파이프가공기계,< 10,< 10,0.0,0.7,0.0,14.29,3,높음
알루미늄컷팅,30,40,0.5,0.0,1.74,0.0,15,높음
알미늄절단,20,20,0.4,0.3,1.97,1.36,14,높음
우레탄가공업체,< 10,< 10,1.0,0.0,16.67,0.0,3,높음
우레탄절단,< 10,20,0.0,0.0,0.0,0.0,3,높음
워터젯가공업체,< 10,< 10,0.5,0.0,10.0,0.0,2,중간
유리가공기계,< 10,10,0.4,0.0,5.89,0.0,3,높음
유리가공방법,< 10,< 10,0.0,0.0,0.0,0.0,1,중간
유리워터젯,10,< 10,2.0,0.0,20.0,0.0,1,중간
유리절단,150,380,2.6,13.0,1.94,3.7,14,높음
유리컷팅,60,180,1.8,2.8,2.9,1.63,7,중간
스테인리스절단,10,30,0.3,0.0,2.39,0.0,3,높음
스텐레스절단,20,50,0.3,0.0,1.56,0.0,15,높음
스텐파이프절단,30,60,0.2,0.0,0.66,0.0,15,높음
스폰지절단,10,20,1.0,0.0,11.12,0.0,3,높음
시화워터젯,10,< 10,0.7,0.0,7.7,0.0,3,높음
실리콘가공,70,60,2.1,7.3,3.19,11.33,15,높음
실리콘가공업체,< 10,< 10,1.3,0.0,66.67,0.0,3,높음
실리콘절단,< 10,10,0.0,0.0,0.0,0.0,2,중간
아크릴가공업체,20,20,3.1,0.3,11.8,1.29,15,높음
베벨가공,20,< 10,0.3,0.0,1.34,0.0,3,높음
베벨절단,< 10,< 10,0.0,0.0,0.0,0.0,1,중간
사각파이프절단,10,20,0.0,0.0,0.0,0.0,3,높음
석재가공기계,< 10,< 10,0.0,1.0,0.0,50.0,0,낮음
석재가공방법,10,< 10,1.0,0.0,10.0,0.0,1,중간
석재절단,20,50,0.1,1.0,0.35,2.0,12,중간
나무가공업체,< 10,10,0.1,0.0,6.67,0.0,8,중간
대리석가공업체,< 10,< 10,1.0,0.0,20.0,0.0,3,높음
동판가공,40,20,2.0,0.7,4.56,3.51,12,중간
물칼,10,40,0.9,0.0,6.07,0.0,2,중간
SUS절단,10,10,0.4,0.3,2.26,2.78,15,높음
각도절단,20,40,0.0,0.0,0.0,0.0,3,높음
구리절단,< 10,< 10,0.0,0.0,0.0,0.0,3,높음
금속절단,80,120,0.5,2.0,0.64,1.79,15,높음
금속컷팅,10,40,0.8,1.0,6.25,2.71,4,낮음
PVC파이프가공,10,10,0.7,0.0,4.88,0.0,3,높음
PVC파이프절단,50,60,1.3,0.3,2.79,0.52,6,중간
정밀부품,20,< 10,0.0,0.0,0.0,0.0,15,높음
스테인레스절단,40,80,0.2,0.5,0.32,0.61,13,중간
타일절단,80,220,0.6,0.3,0.82,0.17,15,높음
티타늄절단,10,20,0.3,0.0,3.71,0.0,3,높음
알루미늄커팅,30,60,1.2,0.0,3.36,0.0,14,높음
대리석절단,70,120,0.8,0.0,1.24,0.0,15,높음
워터젯장비,10,< 10,1.2,0.0,11.77,0.0,3,낮음
부산CNC,60,120,0.5,0.3,0.89,0.28,15,높음
WATERJETCUTTING,10,< 10,2.0,0.0,40.0,0.0,1,중간
동판절단,< 10,< 10,0.9,0.3,11.25,2.57,10,중간
워터젯가격,< 10,10,0.4,0.7,3.51,4.77,11,중간
워터젯컷팅,10,10,0.0,0.0,0.0,0.0,3,높음
의료기기부품,< 10,10,1.3,0.0,16.67,0.0,3,높음
대전목업,< 10,< 10,0.5,0.3,5.05,3.71,13,중간
워킹목업제작,< 10,< 10,0.0,0.0,0.0,0.0,15,높음
수압절단,20,30,1.0,0.0,3.81,0.0,10,중간
CNC조각기교육,10,< 10,0.8,0.0,8.7,0.0,3,높음
빔절단,10,20,0.3,0.0,2.39,0.0,3,높음
CNC컷팅기,10,< 10,0.2,0.0,0.99,0.0,13,중간
CNC루터,10,10,0.2,0.5,2.64,2.78,10,중간
CNC컷팅,50,60,0.8,2.3,1.64,3.82,15,높음
워터젯커팅,20,10,2.0,0.4,9.53,2.5,3,높음
판넬절단기,110,450,5.6,5.0,4.92,1.15,10,중간
고속가공,20,10,0.3,1.0,1.45,6.67,3,높음
철판절단,240,350,3.1,4.8,1.42,1.43,15,높음
TOPS,400,950,0.8,3.0,0.21,0.34,10,중간
CFRP가공,10,< 10,0.7,0.0,10.0,0.0,1,중간
(주)티오피에스,20,10,2.0,0.0,13.34,0.0,1,중간
고압세척펌프,10,10,0.9,0.0,5.53,0.0,11,중간
라인젯,< 10,< 10,0.0,0.0,0.0,0.0,1,중간
워터젯펌프,10,< 10,0.0,0.0,0.0,0.0,3,높음
워터젯기계,< 10,10,1.3,0.0,25.0,0.0,2,중간
CNC조각기추천,< 10,< 10,0.7,0.3,8.34,6.25,15,높음
테프론가공업체,< 10,< 10,0.3,0.3,5.56,16.67,3,높음
CNC각인기,10,10,0.3,0.4,2.28,4.17,3,높음
정밀부품가공,20,10,0.3,0.0,1.29,0.0,15,높음
부품가공업체,10,< 10,0.0,0.0,0.0,0.0,3,높음
3040CNC,< 10,10,0.3,0.0,6.67,0.0,3,높음
ALLCNC,1350,1940,1.7,0.3,0.14,0.02,4,낮음
복합가공기,30,10,0.4,0.0,1.82,0.0,15,높음
아크릴절단,260,470,4.0,6.5,1.64,1.53,15,중간
신주가공,20,10,0.6,1.0,2.73,7.15,15,높음
CNC커팅기,20,10,1.1,0.0,6.08,0.0,10,중간
수압절단기,30,70,1.0,1.1,3.25,1.54,5,중간
미니CNC,120,140,0.8,0.8,0.72,0.6,15,높음
기계가공,310,230,2.0,3.3,0.72,1.48,15,중간
알루미늄복합판넬가공,< 10,< 10,0.0,0.0,0.0,0.0,3,높음
제이텍이엔지,< 10,< 10,0.0,0.0,0.0,0.0,0,낮음
LM절단기,< 10,< 10,0.0,0.0,0.0,0.0,0,낮음
티타늄가공업체,< 10,< 10,0.6,0.7,7.22,6.67,12,중간
금속CNC,30,30,1.4,0.0,3.99,0.0,11,중간
기계부품가공,20,< 10,1.7,0.0,5.96,0.0,15,높음
파이프거치대,60,120,0.3,1.1,0.65,0.87,3,높음
거치대케이스,60,590,0.9,3.8,1.52,0.69,14,중간
CNC정밀가공,10,< 10,0.7,0.0,4.17,0.0,15,높음
금형가공,130,100,2.3,0.8,1.91,0.76,15,높음
오축가공,10,10,0.3,0.0,3.05,0.0,15,높음
TINYROBO,< 10,< 10,3.0,0.0,37.5,0.0,1,중간
파이프가공업체,10,< 10,0.9,0.0,10.38,0.0,15,높음
목재가공기,< 10,< 10,0.3,0.0,4.77,0.0,3,높음
초고압펌프,10,20,0.3,1.7,1.79,6.42,13,중간
볼트가공,50,50,1.9,0.5,3.67,0.99,15,높음
목재CNC,350,270,12.5,17.5,3.88,6.76,15,높음
임가공업체,90,60,1.3,0.7,1.52,1.2,15,높음
CNC복합선반,10,10,0.5,0.0,3.6,0.0,11,중간
제품거치대,50,20,0.6,0.5,1.29,2.09,5,중간
R가공기,< 10,10,0.7,1.7,33.34,16.67,3,높음
스테인레스업체,10,< 10,1.3,0.0,10.64,0.0,12,중간
스테인레스절곡,70,80,2.1,0.7,3.05,0.87,10,중간
알루미늄밀링,< 10,< 10,0.0,0.0,0.0,0.0,3,높음
알루미늄봉가공,< 10,< 10,0.4,0.4,7.7,6.25,3,높음
밀링업체,< 10,10,0.0,0.0,0.0,0.0,3,높음
베크라이트가공,30,< 10,2.2,0.7,5.88,9.53,14,높음
서스제작,20,20,2.1,1.3,7.9,5.34,14,높음
대형가공업체,< 10,< 10,0.0,0.0,0.0,0.0,2,중간
대형선반,150,350,3.8,9.1,2.7,2.73,15,높음
레이저커팅,1120,1350,12.1,16.8,1.19,1.35,15,높음
메탈가공,10,10,0.7,0.3,4.45,2.57,3,높음
SUS제작업체,< 10,< 10,0.3,0.0,6.67,0.0,3,높음
금속부품가공,< 10,< 10,1.3,0.0,26.67,0.0,3,높음
금속절삭가공,< 10,< 10,0.3,0.0,4.17,0.0,3,높음
MC나이론가공,< 10,< 10,0.0,0.0,0.0,0.0,7,중간
NCT가공업체,< 10,< 10,0.3,0.0,4.17,0.0,3,높음
NCT업체,10,10,0.0,0.0,0.0,0.0,3,높음
NC밀링,90,90,1.1,0.5,1.27,0.61,15,높음
와셔가공,30,20,1.5,0.0,4.69,0.0,4,낮음
알미늄판가공,< 10,10,0.3,0.3,8.34,3.34,3,높음
알루미늄임가공,< 10,< 10,0.7,0.0,7.41,0.0,3,높음
철판CNC가공,10,10,0.4,1.0,3.23,10.0,3,높음
철재가공,20,20,0.6,0.3,2.78,1.45,11,중간
CNC알루미늄가공,< 10,< 10,0.3,0.0,4.17,0.0,3,높음
판금회사,< 10,10,0.7,0.7,11.12,7.41,3,높음
폴리에틸렌가공,< 10,< 10,0.0,3.0,0.0,60.0,3,높음
CNC가공비용,20,20,0.0,0.0,0.0,0.0,3,높음
AL가공,10,< 10,0.0,0.0,0.0,0.0,3,높음
SS400가공,< 10,< 10,0.3,0.0,5.56,0.0,3,높음
SUS레이저,< 10,< 10,0.0,0.0,0.0,0.0,3,높음
3D가공,30,20,1.0,0.3,3.23,1.29,15,높음
자작CNC,50,30,0.3,0.0,0.58,0.0,13,중간
5축고속가공기,< 10,< 10,0.4,0.0,7.7,0.0,3,높음
밀링가공,370,230,1.5,0.5,0.44,0.24,15,중간
알루미늄CNC,80,90,2.9,2.0,3.34,2.33,14,높음
흑색아노다이징,30,10,0.0,0.0,0.0,0.0,1,중간
STS304가공,< 10,< 10,0.0,0.0,0.0,0.0,3,높음
평면가공,40,40,0.0,0.0,0.0,0.0,2,중간
플레이트가공,10,< 10,0.0,0.0,0.0,0.0,2,중간
각도가공,< 10,< 10,0.0,0.0,0.0,0.0,3,높음
SKD11가공,10,10,1.3,0.0,13.05,0.0,2,중간
우레탄몰드,20,30,0.3,0.0,1.59,0.0,3,높음
HARDANODIZING,30,10,0.0,0.0,0.0,0.0,1,중간
3D조각기,20,20,0.9,0.3,4.45,0.93,15,높음
SUS가공업체,< 10,< 10,0.1,0.0,4.45,0.0,15,높음
목공용CNC,20,50,1.7,0.3,6.67,0.66,14,중간
NC선반,190,180,0.5,3.3,0.26,1.99,15,높음
시편절단,10,< 10,0.1,0.0,0.51,0.0,14,높음
MDF레이저가공,10,< 10,0.6,0.0,6.67,0.0,12,중간
NC목업,< 10,< 10,0.1,0.0,2.64,0.0,13,중간
PP제작,50,10,3.3,1.5,6.95,7.9,15,높음
H-BEAM가공,< 10,< 10,0.7,0.0,13.34,0.0,3,높음
금속펀칭,10,20,0.3,0.0,2.39,0.0,3,낮음
금속제조업체,< 10,< 10,0.0,0.0,0.0,0.0,3,높음
금속제작업체,20,< 10,1.0,0.0,5.27,0.0,3,높음
금속샤링,< 10,10,0.0,0.0,0.0,0.0,2,중간
금속레이저절단기,< 10,10,0.4,1.3,4.06,14.82,8,중간
금속레이저,50,80,0.8,1.8,1.79,2.22,15,높음
ABS제작,10,10,1.3,0.0,9.44,0.0,8,중간
각가공,10,< 10,0.0,0.8,0.0,20.0,4,낮음
CAM가공,40,20,0.3,0.3,0.66,1.34,13,중간
대전레이저절단,20,30,2.3,2.8,12.0,10.0,3,낮음
대구절곡,20,60,0.0,0.0,0.0,0.0,3,높음
대구벤딩,10,10,0.0,0.0,0.0,0.0,2,중간
김포도금,< 10,10,0.7,0.0,11.12,0.0,2,중간
광주레이저가공,10,10,0.0,0.3,0.0,2.57,3,높음
5축가공업체,40,< 10,2.7,0.0,6.68,0.0,15,높음
3차원가공,< 10,< 10,0.0,0.7,0.0,9.53,3,높음
CNC레이저,60,60,1.0,0.3,1.86,0.56,15,높음
가공집,20,30,0.2,0.0,0.72,0.0,6,중간
미니조각기,100,230,1.1,0.0,1.22,0.0,15,높음
CNC임가공,20,< 10,1.7,0.0,11.12,0.0,3,높음
CNC선반가공업체,< 10,< 10,0.6,0.3,7.5,5.56,15,높음
플랜지가공,40,20,2.3,0.0,5.7,0.0,3,높음
CNC밀링머신,50,40,0.7,0.3,1.35,1.05,14,중간
세라믹절단,20,20,0.6,0.7,2.99,3.71,10,중간
TURNINGCENTER,10,< 10,1.0,0.0,7.15,0.0,1,중간
비철금속가공,< 10,< 10,0.0,0.0,0.0,0.0,13,중간
알루미늄가공기,10,10,1.4,0.0,15.07,0.0,8,중간
알루미늄판가공,70,50,1.7,0.0,2.55,0.0,15,높음
CNC업체,40,50,0.9,4.7,2.63,9.73,15,높음
밀링가공업체,< 10,10,0.3,0.0,6.67,0.0,3,높음
소형CNC밀링,10,< 10,0.7,0.0,6.67,0.0,3,높음
기어가공,250,200,9.2,18.0,4.09,8.66,15,중간
레이저절단,450,400,9.1,10.8,2.2,2.85,15,중간
부스바업체,< 10,< 10,0.0,0.0,0.0,0.0,0,낮음
합판CNC,80,70,2.2,1.3,3.03,2.16,15,높음
CNC공작,< 10,< 10,0.0,0.0,0.0,0.0,3,높음
CNC목재가공,30,30,2.4,0.7,9.24,1.63,15,높음
CNC조각기가격,< 10,< 10,0.0,1.0,0.0,14.29,15,높음
CNC목업,20,< 10,1.7,0.3,9.26,5.56,3,높음
목공라우터,90,120,0.6,0.0,0.7,0.0,12,중간
고압세척장비,< 10,< 10,0.0,0.0,0.0,0.0,11,중간
리머,1030,1390,4.5,19.8,0.47,1.51,15,높음
방전가공업체,< 10,< 10,0.7,0.0,8.34,0.0,3,높음
금속CNC가공,20,10,0.7,0.7,2.9,6.67,3,높음
5축CNC,60,70,1.4,1.8,2.42,2.58,15,높음
아크릴정밀가공,10,< 10,0.6,0.0,5.82,0.0,9,중간
선반밀링,370,600,1.3,5.3,0.39,0.96,15,높음
알미늄가공,40,20,2.6,0.7,6.05,2.9,15,높음
CNC자동선반,130,90,2.5,5.0,2.04,5.62,15,높음
대형CNC조각기,< 10,< 10,0.0,0.0,0.0,0.0,2,중간
시편가공,40,10,0.5,0.0,1.43,0.0,15,높음
로고각인,90,120,2.9,3.3,3.06,3.06,15,높음
CNC목공기계,60,120,4.0,4.0,7.34,3.53,7,중간
동가공,20,20,0.4,0.0,1.97,0.0,15,높음
부품가공,70,30,4.1,2.0,5.83,6.25,15,높음
에폭시가공,50,30,1.9,2.7,4.09,9.2,15,높음
ABS가공,30,10,1.4,0.3,3.67,2.09,14,높음
ROUTER,980,1060,1.0,1.8,0.11,0.18,15,중간
채수기,120,80,0.9,0.8,0.8,1.11,15,높음
워터젯절단기,30,20,3.1,0.7,9.7,2.47,7,중간
5축조각기,10,10,0.8,0.0,10.0,0.0,3,높음
CNC절단기,30,20,1.0,0.7,3.23,2.67,12,중간
KF6700,< 10,10,2.0,0.0,50.0,0.0,1,중간
아크릴레이저가공,100,80,3.6,7.3,3.68,8.74,15,높음
제품3D모델링,10,< 10,1.3,0.3,14.82,8.34,3,높음
피오피,480,2060,5.3,47.8,1.17,2.5,15,높음
바닥스티커제작,20,10,1.9,0.0,9.44,0.0,11,중간
트레이주문제작,10,30,1.4,2.0,8.83,5.89,15,높음
POPPET,180,220,0.3,2.7,0.2,1.25,3,높음
POP광고,450,470,3.0,8.3,0.72,1.83,15,높음
POP디자인,260,160,4.5,3.3,1.87,2.02,15,높음
POP부품,10,< 10,0.7,0.0,6.07,0.0,3,높음
POP아트,70,140,0.2,0.8,0.34,0.54,15,높음
POP제작업체,10,10,1.3,1.8,11.12,15.91,15,높음
POP주문,30,130,1.1,12.5,3.34,9.85,15,높음
트레이제작업체,< 10,< 10,1.0,0.0,14.29,0.0,3,높음
캐릭터등신대,60,50,2.2,1.3,3.71,2.57,15,높음
핸드폰매장POP,30,20,3.3,0.7,8.78,3.71,15,높음
휴대폰매장POP,60,20,3.6,2.0,6.55,10.0,15,높음
가격표POP,30,30,0.7,1.5,2.09,4.17,13,중간
판넬커팅기,10,30,0.0,0.0,0.0,0.0,3,높음
POP제작,640,750,32.4,57.8,5.59,8.27,15,높음
목형가공기,< 10,< 10,0.7,0.0,16.67,0.0,3,높음
부스바가공,40,40,1.6,1.0,3.76,2.71,15,높음
가공기,80,40,0.5,0.3,0.65,0.68,14,높음
도면가공,20,< 10,2.0,0.3,8.21,4.77,8,중간
갈바제작,40,60,1.5,2.8,3.84,4.92,15,높음
펀치가공,10,< 10,1.0,0.3,8.34,8.34,3,높음
철판가공업체,10,10,0.7,0.3,4.13,2.86,13,중간
금형가공업체,< 10,< 10,0.0,0.0,0.0,0.0,3,높음
자동선반가공,20,< 10,1.5,0.0,8.0,0.0,14,높음
스틸제작,20,40,2.3,3.0,8.48,6.67,15,높음
황동CNC,10,10,1.2,0.0,8.7,0.0,2,중간
중국CNC,10,10,0.0,0.0,0.0,0.0,3,높음
전동자,10,50,0.0,0.0,0.0,0.0,3,높음
탭핑,510,570,0.2,2.0,0.04,0.38,12,중간
V절곡,< 10,10,0.5,0.0,10.0,0.0,2,중간
자동반,10,20,0.7,1.0,4.35,5.0,4,낮음
특수스크류,< 10,< 10,0.3,0.0,6.67,0.0,3,높음
특수가공,50,10,0.3,0.7,0.71,4.77,3,높음
정밀기계부품,10,< 10,0.0,0.0,0.0,0.0,3,높음
힌지샤프트,< 10,< 10,0.0,0.7,0.0,33.34,2,중간
후크핀,20,60,0.7,0.3,3.34,0.44,3,높음
핀가공업체,< 10,< 10,1.9,0.0,62.5,0.0,3,높음
플런져,60,40,0.7,0.7,1.34,1.71,6,중간
펜너트,10,10,1.0,1.8,5.56,12.91,3,높음
범용선반가공,20,10,0.3,0.0,1.67,0.0,3,높음
CAMSHAFT,100,50,0.0,0.0,0.0,0.0,3,높음
STANDOFFNUT,10,< 10,1.1,0.0,11.12,0.0,2,중간
링가공,< 10,< 10,0.7,0.0,13.34,0.0,3,높음
PC가공,70,50,3.1,5.5,4.9,11.23,15,높음
아크릴판가공,50,30,2.0,1.0,3.95,3.13,15,높음
구리가공,40,30,0.8,0.7,2.2,2.3,13,중간
탑툴,20,90,0.0,0.0,0.0,0.0,3,높음
부산밴딩,< 10,10,0.0,0.0,0.0,0.0,1,중간
부산CNC가공,20,150,1.2,1.3,4.31,1.0,10,중간
부산벤딩,10,10,4.0,0.0,26.67,0.0,1,중간
부산절단,< 10,< 10,0.0,0.0,0.0,0.0,3,높음
부산CNC선반,< 10,< 10,0.7,0.0,16.67,0.0,3,높음
CNC날,30,60,0.5,0.0,1.66,0.0,9,중간
PENNUT,< 10,< 10,0.0,0.0,0.0,0.0,2,중간
정밀가공업체,40,< 10,0.4,0.0,0.96,0.0,15,높음
트레이제작,130,110,6.9,11.0,5.58,10.58,15,중간
CNC학원,120,530,1.5,9.0,1.31,1.88,15,높음
CNC앤드밀,10,< 10,0.0,0.0,0.0,0.0,3,높음
스틸가공,30,30,1.3,0.3,3.78,0.84,14,높음
소형정밀가공,10,< 10,4.0,1.0,33.34,11.12,3,높음
스테인레스가공업체,10,< 10,0.4,0.3,4.14,8.34,13,중간
SUS가공,90,40,2.5,0.8,2.95,2.15,15,높음
아크릴가공기계,< 10,< 10,1.4,0.0,20.49,0.0,12,중간
CNC가공가격,10,10,0.2,0.3,1.76,1.97,11,중간
레이저가공업체,30,10,1.3,1.5,4.3,9.38,15,높음
CNC터닝,20,40,0.4,0.0,2.13,0.0,10,중간
CNC보링,10,20,0.0,0.0,0.0,0.0,3,높음
PE가공,40,10,4.1,0.7,11.0,4.77,15,높음
절삭,3780,2760,0.7,3.3,0.03,0.13,13,중간
약국POP,90,70,2.5,5.5,3.13,8.74,15,높음
MCT가공업체,10,< 10,0.5,0.0,2.46,0.0,15,높음
황동가공,60,60,1.3,2.0,2.18,3.45,14,중간
리벳가공,< 10,< 10,0.9,0.0,10.0,0.0,2,중간
박판가공,20,< 10,1.1,0.0,4.52,0.0,7,중간
CNC밀링기계,< 10,< 10,0.0,0.0,0.0,0.0,3,높음
철판CNC,10,10,0.5,0.0,4.17,0.0,2,중간
철판도소매,< 10,< 10,0.0,0.0,0.0,0.0,3,높음
5축CNC조각기,< 10,< 10,0.7,0.0,66.67,0.0,3,높음
GUIDEPIN,20,10,2.5,0.0,12.29,0.0,3,높음
MCNYLON가공,< 10,< 10,0.3,0.0,6.46,0.0,6,중간
MC가이드,< 10,< 10,0.0,0.0,0.0,0.0,0,낮음
모리아게,< 10,20,0.0,0.0,0.0,0.0,1,중간
밀링선반,320,550,1.9,3.3,0.67,0.67,15,높음
스틸가이드,< 10,< 10,0.0,0.0,0.0,0.0,3,높음
POP거치대,470,480,11.3,18.3,2.55,4.06,15,높음
SUS제작,40,10,2.5,0.8,6.5,6.25,15,높음
카운터보어,860,470,2.2,0.8,0.29,0.17,13,중간
거치대제작,60,40,2.6,2.7,4.13,6.84,15,높음
라우터기,60,90,0.2,0.3,0.32,0.36,10,중간
아크릴조각기,10,40,0.2,0.3,1.34,0.74,15,높음
가공자재,< 10,< 10,0.0,0.0,0.0,0.0,1,중간
부산시제품,20,10,0.8,0.7,3.83,5.13,15,높음
구미가공,< 10,< 10,0.0,0.0,0.0,0.0,3,높음
금속가공업체,40,30,1.4,0.0,3.41,0.0,15,높음
가공기계,60,40,0.3,0.3,0.53,0.56,15,높음
선반밀링가공,10,10,0.7,0.0,5.34,0.0,11,중간
알루미늄제작업체,10,< 10,2.1,0.0,23.08,0.0,3,높음
스테인리스제작,80,110,3.6,6.0,4.5,5.77,15,높음
금속주문제작,30,50,2.8,3.3,7.37,6.5,15,높음
알루미늄가공업체,120,80,7.7,5.0,6.34,6.67,15,높음
알루미늄부품가공,< 10,< 10,1.0,0.3,20.52,16.67,8,중간
평면연마,100,100,1.2,0.8,1.31,0.8,15,높음
알루미늄인쇄,70,40,4.3,1.8,6.63,4.17,15,높음
학생작품,30,10,1.0,0.0,3.34,0.0,15,높음
보은기업,< 10,10,0.0,0.0,0.0,0.0,0,낮음
ABS도장,10,10,0.0,0.0,0.0,0.0,3,높음
부천알루미늄가공,< 10,< 10,0.0,0.0,0.0,0.0,3,높음
소형가공,< 10,< 10,0.0,0.0,0.0,0.0,3,높음
SPKN,< 10,< 10,0.0,0.0,0.0,0.0,2,중간
기계설계,1430,1170,3.1,5.3,0.24,0.46,15,중간
플라스틱CNC가공,< 10,< 10,2.5,0.0,35.72,0.0,2,중간
복합선반,30,20,0.1,0.0,0.44,0.0,15,높음
중고조각기,30,40,2.9,0.3,9.84,0.86,10,중간
스테인레스주문제작,40,50,1.7,7.3,3.88,12.87,15,높음
아트펀칭,< 10,< 10,0.0,0.0,0.0,0.0,1,중간
명판조각기,10,10,0.3,0.7,2.39,5.56,13,중간
CATECH,50,50,3.0,0.0,6.53,0.0,2,중간
샤프트가이드,< 10,< 10,0.0,0.0,0.0,0.0,3,높음
다이세트,50,60,0.4,0.0,0.73,0.0,8,중간
소형핀,10,10,1.2,1.0,13.24,9.1,8,중간
시제품가공,< 10,< 10,0.0,0.0,0.0,0.0,3,높음
알루미늄부품,20,10,0.9,0.0,4.93,0.0,14,높음
정밀,840,2040,1.5,0.3,0.2,0.02,15,높음
복합자동선반,< 10,20,0.0,0.3,0.0,2.57,3,높음
선반집,30,90,0.7,0.4,2.39,0.41,3,높음
정밀가공부품,< 10,< 10,0.0,0.0,0.0,0.0,0,낮음
나무가공기,< 10,< 10,0.0,0.0,0.0,0.0,3,높음
알루미늄절곡,220,190,4.2,3.5,2.06,1.95,15,중간
와이어가공,150,110,2.5,0.5,1.8,0.5,15,높음
부산MCT,10,20,0.3,0.3,2.09,1.59,3,높음
방산부품,20,10,0.3,0.8,1.34,7.15,3,높음
자동차부품가공,20,60,1.3,0.3,4.55,0.44,15,높음
금속가공제품제조,10,< 10,1.0,0.0,7.7,0.0,3,높음
머시닝가공,40,10,1.3,0.0,3.25,0.0,15,높음
레이저판금,10,10,0.7,0.0,4.77,0.0,6,중간
스테인리스가공,60,50,1.6,2.3,2.55,4.6,15,높음
플라스틱가공업체,20,20,1.1,0.0,4.64,0.0,15,높음
SUS파이프가공,< 10,< 10,0.7,0.0,66.67,0.0,3,높음
제품디자인의뢰,10,10,0.9,0.8,5.84,6.25,15,높음
의료기기가공,< 10,< 10,0.3,0.0,16.67,0.0,3,높음
널링가공,100,60,1.9,0.0,1.89,0.0,3,낮음
가공업체,100,60,2.2,1.0,2.25,1.7,15,높음
대형머시닝센터,< 10,< 10,1.0,0.0,16.67,0.0,3,높음
대형부품,10,100,2.0,1.7,18.19,1.82,3,높음
금속조각기,20,40,1.0,1.0,3.75,2.23,13,중간
5면가공기,40,20,2.3,0.0,5.31,0.0,3,높음
나무조각기,10,40,0.0,0.0,0.0,0.0,13,중간
야마자키마작,90,70,1.3,0.0,1.47,0.0,3,높음
마작기계,30,160,0.0,1.4,0.0,0.97,2,중간
TESTJIG,20,< 10,1.6,0.0,7.8,0.0,4,낮음
PVC인써트,< 10,< 10,0.0,0.0,0.0,0.0,0,낮음
내진인서트,10,< 10,1.0,1.0,10.0,50.0,1,중간
정화인서트,20,< 10,12.0,2.0,48.0,66.67,1,중간
알폼인서트,80,20,0.0,0.0,0.0,0.0,3,높음
CW5200,10,10,0.0,0.0,0.0,0.0,2,중간
CNC조각기수리,< 10,< 10,0.0,0.0,0.0,0.0,3,높음
레이저교육,10,< 10,0.5,0.0,5.0,0.0,2,중간
화이버각인기,< 10,< 10,0.0,0.0,0.0,0.0,0,낮음
코사인전시회,110,120,0.0,0.0,0.0,0.0,1,중간
조각기부품,< 10,10,0.4,0.0,12.5,0.0,3,높음
유캔캠,< 10,10,1.0,0.0,25.0,0.0,1,중간
유리레이저,20,40,0.6,0.0,3.58,0.0,2,중간
무늬목가공,< 10,< 10,0.0,0.0,0.0,0.0,3,높음
UCANCAM,60,20,6.0,0.0,15.39,0.0,1,중간
CNC모형절단,10,30,0.2,0.0,1.36,0.0,14,높음
CNC머시닝센터,60,30,0.0,0.0,0.0,0.0,4,낮음
기계설계용역,30,10,1.2,0.3,4.62,3.71,15,높음
알루미늄연마,40,50,0.0,0.3,0.0,0.69,3,높음
복합CNC,20,10,1.0,0.0,3.85,0.0,15,높음
CNC선반임가공,< 10,< 10,0.0,0.0,0.0,0.0,2,중간
SLOT가공,< 10,< 10,0.0,0.0,0.0,0.0,2,중간
CNC지그,< 10,< 10,1.3,0.0,25.0,0.0,2,중간
SUS316가공,10,< 10,1.0,0.7,10.0,10.53,3,높음
TR나사가공,< 10,< 10,0.0,0.0,0.0,0.0,2,중간
PT나사가공,< 10,10,0.0,0.0,0.0,0.0,3,높음
알루미늄레이저가공,30,40,1.2,0.3,2.99,0.77,13,중간
타각기,440,400,7.3,16.5,1.84,4.53,15,높음
S45C가공,< 10,< 10,0.0,0.0,0.0,0.0,3,높음
정밀기계가공,< 10,< 10,0.0,0.0,0.0,0.0,3,높음
샤프트축,50,40,0.7,1.0,1.32,2.44,8,중간
금속절곡,40,110,0.8,0.3,1.93,0.32,13,중간
스테인레스가공,140,140,4.7,7.8,3.68,5.88,15,높음
조각기계,10,30,0.3,0.3,2.39,0.88,9,중간
스텐절곡,380,840,10.3,20.8,2.91,2.64,15,높음
PCCNC가공,< 10,< 10,0.0,0.0,0.0,0.0,2,중간
자동화제작,< 10,< 10,0.7,0.0,13.34,0.0,3,높음
CNC밀링가공,10,10,0.0,0.0,0.0,0.0,3,높음
환봉가공,50,40,2.4,0.7,4.57,1.97,14,높음
밀링공,< 10,10,0.0,0.0,0.0,0.0,3,높음
후렌지가공,10,< 10,0.0,0.7,0.0,14.29,3,높음
가공견적,20,< 10,0.0,0.0,0.0,0.0,3,높음
도면견적,10,10,0.3,0.3,3.04,2.39,3,높음
레이저절단가공,10,< 10,0.3,0.0,3.34,0.0,3,높음
백색알루마이트,20,< 10,0.0,0.0,0.0,0.0,1,중간
복합가공,< 10,< 10,0.0,0.0,0.0,0.0,3,높음
스테인레스스틸규격,10,< 10,0.0,0.5,0.0,25.0,3,높음
철판홀가공,10,10,0.0,0.3,0.0,2.13,3,높음
카운터싱킹,280,200,1.4,0.3,0.52,0.17,7,중간
캠제작,< 10,< 10,0.7,0.0,14.29,0.0,3,높음
튜브밴딩,40,120,0.9,0.5,2.11,0.43,10,중간
판금설계,100,80,0.3,1.0,0.36,1.36,15,높음
판금종류,< 10,< 10,0.8,0.0,16.67,0.0,2,중간
펀칭,990,1500,2.7,8.0,0.31,0.58,15,높음
평철절단,10,10,0.6,1.0,4.48,10.35,5,중간
프레스제작,20,20,1.5,1.8,8.13,8.34,15,높음
하우징제작,10,< 10,0.7,0.3,5.56,5.0,3,높음
형상가공,50,40,0.3,0.0,0.7,0.0,6,중간
호퍼제작,30,30,1.8,2.0,5.6,6.67,10,중간
판금제작,50,30,2.5,2.0,4.74,7.7,15,높음
알미늄제작,10,30,0.8,1.3,5.51,4.04,8,중간
대형선반가공,30,20,1.9,0.0,6.45,0.0,15,높음
선반가공업체,20,10,1.4,0.0,7.0,0.0,15,높음
PET가공,20,10,1.2,0.3,4.66,2.39,3,낮음
나사가공,150,140,1.1,0.3,0.76,0.19,13,중간
금속가공제품제조업,70,90,0.7,1.3,1.02,1.56,9,중간
금속레이저컷팅,20,30,0.8,1.0,3.31,3.13,13,중간
부산MCT가공,< 10,< 10,1.7,0.0,27.78,0.0,3,높음
부산밀링가공,< 10,< 10,1.0,0.0,20.0,0.0,3,높음
인천MCT,< 10,< 10,0.7,0.0,11.12,0.0,3,높음
화성MCT,< 10,< 10,0.7,0.0,22.23,0.0,3,높음
대형가공,10,< 10,0.9,0.0,5.83,0.0,14,높음
화성CNC,10,20,1.0,0.0,8.34,0.0,3,높음
설계도면,970,850,2.1,0.7,0.24,0.09,15,높음
MCT정밀가공,< 10,< 10,0.3,0.0,6.67,0.0,3,높음
NC가공,360,320,3.5,3.3,1.03,1.06,15,높음
황동다보,20,20,0.0,0.0,0.0,0.0,1,중간
아크릴다보,630,440,10.9,22.7,1.93,5.69,15,높음
다보제작,20,< 10,0.7,0.0,2.67,0.0,3,높음
냉온수세척기,< 10,< 10,0.6,0.3,21.22,8.34,11,중간
가정용고압세차기,10,50,0.7,0.5,5.56,0.97,3,높음
냉온수고압세차기,10,10,0.5,1.0,5.18,7.15,13,중간
온수세차기,10,20,0.9,0.0,6.2,0.0,8,중간
가정용스팀청소기,30,100,1.0,0.8,2.68,0.75,15,높음
고압세척기제작,< 10,20,0.4,1.7,8.11,8.78,15,높음
철판커팅,30,30,0.3,0.0,1.02,0.0,3,높음
MC나일론가공,30,10,1.7,1.0,4.63,5.89,15,높음
무한상상실,460,500,0.7,0.3,0.16,0.08,11,중간
PIN가공,10,< 10,0.4,0.0,4.77,0.0,2,중간
자동차용반도체,50,120,0.0,0.0,0.0,0.0,1,중간
차량용반도체,450,1140,0.4,0.0,0.09,0.0,3,높음
스텐가공,150,230,6.9,12.8,5.21,5.85,15,높음
소형부품가공,< 10,< 10,1.0,0.0,16.99,0.0,9,중간
메이커스페이스장비,10,< 10,0.0,0.0,0.0,0.0,3,높음
스텐주문제작,40,100,3.7,12.3,9.65,12.63,15,높음
금속정밀가공,10,< 10,1.4,0.3,12.5,5.56,5,중간
카본가공업체,< 10,< 10,0.7,0.0,16.67,0.0,3,높음
대구MCT가공,< 10,< 10,0.0,0.0,0.0,0.0,3,높음
스텐가공업체,< 10,< 10,0.3,0.7,8.34,16.67,3,높음
철판제작업체,< 10,< 10,0.0,0.0,0.0,0.0,2,중간
스텐제작업체,< 10,20,1.3,0.0,15.95,0.0,9,중간
금속제조,20,30,0.5,0.3,3.39,1.05,15,높음
INSERTNUT,40,< 10,2.0,0.0,4.72,0.0,5,중간
축가공,40,40,0.5,1.0,1.18,2.86,13,중간
머시닝센터가공,40,20,0.9,0.0,2.46,0.0,15,높음
인테리어철물,550,1600,35.1,106.0,6.78,6.99,15,중간
철제프레임제작,100,170,5.3,13.0,6.43,8.08,15,높음
소형리벳,10,< 10,0.0,0.0,0.0,0.0,3,높음
엔드밀의모든것,60,80,1.8,0.7,3.43,0.89,5,중간
판금가공,150,60,1.1,2.0,0.64,3.08,15,높음
스텐철판가공,10,< 10,0.3,0.0,3.71,0.0,3,높음
도면,5690,3640,3.5,1.3,0.07,0.04,15,중간
아이디어제작,10,30,0.7,2.0,4.32,6.9,15,높음
기구설계용역,10,< 10,0.3,0.0,2.97,0.0,15,높음
철골제작,110,100,4.0,12.0,3.78,12.38,15,높음
금속제작,200,240,10.2,22.7,5.68,9.9,15,중간
산업기계부품,10,< 10,0.0,0.0,0.0,0.0,3,높음
레이저CNC,50,70,0.4,0.8,0.75,1.0,11,중간
소형금형,10,10,0.3,0.0,3.34,0.0,3,높음
실험장비제작,< 10,< 10,0.8,0.0,10.98,0.0,12,중간
스테인레스제작업체,10,< 10,1.4,0.0,13.55,0.0,10,중간
가이드핀,200,160,3.3,1.8,1.85,1.16,14,중간
고무판가공,< 10,< 10,0.3,0.0,5.0,0.0,3,높음
특수핀,< 10,< 10,0.0,1.5,0.0,30.77,3,높음
금속가공업,30,10,0.0,0.5,0.0,4.55,2,중간
파주철공소,< 10,20,0.0,0.0,0.0,0.0,3,높음
파주제조업,10,10,0.0,0.0,0.0,0.0,1,중간
철구조,20,30,0.3,0.0,1.59,0.0,3,높음
제작소,160,220,0.0,0.0,0.0,0.0,3,높음
오면가공기,100,60,1.3,4.3,1.44,6.25,15,높음
하스너,500,920,10.2,5.5,2.17,0.65,10,중간
알루미늄압출가공,10,< 10,0.8,0.0,6.07,0.0,10,중간
SUS업체,< 10,< 10,0.7,0.0,8.34,0.0,3,높음
선반기계,790,1610,5.0,5.3,0.69,0.37,11,중간
금형코어핀,< 10,< 10,0.0,0.0,0.0,0.0,1,중간
소형가공기,< 10,< 10,0.8,0.3,9.38,4.77,4,낮음
철판모형절단,10,< 10,0.3,0.0,3.3,0.0,9,중간
철강기계,< 10,< 10,0.0,0.0,0.0,0.0,1,중간
제관용접,80,100,0.9,0.0,1.34,0.0,15,높음
철판레이저가공,330,460,11.3,30.0,3.81,7.22,15,높음
외주가공,140,80,0.0,0.0,0.0,0.0,3,높음
POM가공,20,< 10,0.4,0.0,2.24,0.0,13,중간
절단절곡,200,500,3.8,11.3,2.16,2.45,15,중간
CNC수리,30,110,0.8,0.0,2.5,0.0,15,높음
스텐시공,< 10,10,0.0,1.7,0.0,15.16,3,높음
금속레이저가공,20,20,0.3,1.0,1.41,3.45,15,높음
프레임가공,< 10,< 10,0.4,0.4,6.67,6.25,3,높음
설계도,1660,1690,1.1,2.3,0.08,0.16,15,중간
금속타각기,30,20,1.3,0.0,4.28,0.0,14,높음
MOLD,3690,5810,0.4,3.4,0.02,0.07,11,중간
프라스틱금형,< 10,< 10,0.4,0.0,13.34,0.0,15,높음
가구디자인,770,950,4.7,14.4,0.68,1.7,15,높음
알루미늄압출성형,10,< 10,0.0,0.0,0.0,0.0,2,중간
시제품,3200,2550,4.3,3.5,0.15,0.15,15,중간
금형제작지원,10,< 10,0.7,0.0,7.41,0.0,3,높음
CNC가스절단기,20,10,0.2,0.0,0.84,0.0,5,중간
절곡회사,< 10,10,0.0,0.4,0.0,3.34,3,높음
절곡업체,10,10,0.1,0.3,0.8,2.09,14,높음
PVC가공,100,70,5.4,5.5,5.75,8.47,15,높음
PEEK가공,10,< 10,0.8,0.0,5.43,0.0,15,높음
샘플가공,< 10,< 10,0.1,0.0,1.02,0.0,14,높음
정밀기계,140,220,0.7,1.5,0.5,0.73,15,높음
기계기구설계,< 10,< 10,1.0,0.0,12.5,0.0,3,높음
식품기계설계,80,10,0.7,0.3,0.82,3.34,3,높음
POP주문제작,10,40,1.0,1.7,5.89,5.21,15,높음
파이프보링,< 10,< 10,0.0,0.0,0.0,0.0,2,중간
파이프절단가공,< 10,< 10,0.3,0.0,4.77,0.0,3,높음
파이프펀칭,< 10,20,0.3,0.4,8.34,2.09,3,높음
파이프피어싱,< 10,< 10,1.0,0.0,11.12,0.0,3,높음
동관가공,< 10,< 10,0.0,1.1,0.0,15.39,3,높음
원형파이프절단,< 10,< 10,1.4,0.0,23.08,0.0,2,중간
인써트,400,950,2.7,3.5,0.73,0.39,15,높음
광학산PC,90,60,2.1,1.1,2.23,1.78,6,중간
밀링기,350,400,2.5,1.5,0.81,0.42,15,높음
수지가공업체,< 10,< 10,0.0,0.0,0.0,0.0,3,높음
와이어가공업체,< 10,< 10,0.3,0.0,33.34,0.0,3,높음
부스바가공업체,< 10,< 10,0.0,0.0,0.0,0.0,1,중간
절삭가공업체,< 10,< 10,0.0,0.0,0.0,0.0,3,높음
풀리가공,40,30,2.5,2.3,7.17,8.34,8,중간
프라스틱가공,10,< 10,1.1,0.3,13.19,5.56,11,중간
프레나가공,50,30,1.8,0.0,3.98,0.0,4,낮음
프레스가공,450,280,11.0,6.5,2.56,2.42,15,높음
프로콘가공,10,< 10,1.3,0.0,7.41,0.0,3,높음
플라스틱용기제조업체,140,150,13.4,15.3,9.86,10.58,15,높음
하우징가공,< 10,< 10,0.0,0.0,0.0,0.0,3,높음
하이스가공,< 10,< 10,0.0,0.0,0.0,0.0,3,높음
합성수지가공,40,< 10,0.4,0.0,0.98,0.0,15,높음
황동판가공,10,< 10,0.4,0.0,3.58,0.0,3,높음
외주가공업체,10,< 10,0.0,0.0,0.0,0.0,3,높음
원통가공,70,70,0.0,0.4,0.0,0.57,3,높음
음각가공,10,< 10,0.0,0.0,0.0,0.0,2,중간
정삭가공,180,70,0.3,0.0,0.19,0.0,3,높음
주물가공,50,40,1.3,0.0,2.57,0.0,3,높음
지그가공,20,10,0.5,0.3,3.04,2.78,11,중간
진공주형,180,60,3.3,0.5,1.97,0.85,15,높음
챔버가공,10,< 10,0.0,0.0,0.0,0.0,3,높음
철물가공,10,30,0.4,1.5,2.57,5.56,8,중간
철물주문제작,30,20,3.6,2.7,11.97,10.67,13,중간
철제주문제작,40,70,1.7,3.3,4.09,4.51,14,높음
철판임가공,< 10,< 10,1.3,0.3,26.67,16.67,3,높음
케이스가공,10,< 10,0.3,0.0,2.89,0.0,10,중간
키가공,50,30,1.7,2.9,3.22,8.67,9,중간
탭핑가공,10,< 10,0.0,0.0,0.0,0.0,3,높음
테프론제작,< 10,< 10,0.9,0.0,14.48,0.0,13,중간
벤치레스가공,< 10,< 10,0.0,1.0,0.0,25.0,2,중간
보링가공,120,70,3.4,0.3,2.88,0.47,15,높음
부시가공,< 10,< 10,0.0,0.0,0.0,0.0,2,중간
부식가공,10,< 10,0.0,0.0,0.0,0.0,3,높음
부품임가공,< 10,< 10,0.0,0.0,0.0,0.0,3,높음
부품제조,10,10,0.3,0.3,1.97,2.39,3,높음
블럭가공,< 10,< 10,0.3,0.0,6.67,0.0,3,높음
빼끄,30,30,0.0,0.6,0.0,2.05,3,높음
빼크라이트,90,50,1.1,1.0,1.23,1.82,14,높음
서스가공,30,30,1.9,2.0,5.24,6.67,15,높음
선박부품가공,10,20,0.7,0.4,4.88,2.0,3,높음
선반임가공,10,10,0.0,0.3,0.0,3.04,3,높음
소재가공,20,10,0.3,0.0,1.36,0.0,3,높음
수지가공,180,170,2.8,1.3,1.59,0.79,15,높음
스크류가공,40,40,3.5,3.0,8.22,7.15,8,중간
스탠제작,< 10,20,1.0,0.5,16.67,3.18,3,높음
스테인레스스틸,920,1120,3.3,3.0,0.39,0.29,15,중간
스텐레스제조,< 10,< 10,0.4,0.0,9.1,0.0,3,높음
스피닝가공,60,40,0.0,0.0,0.0,0.0,3,높음
슬로터가공,10,< 10,0.4,0.0,2.44,0.0,2,중간
시보리제작,< 10,10,0.3,0.0,4.17,0.0,3,높음
신주제작,30,40,1.8,2.5,5.75,6.58,11,중간
실리콘주형,20,< 10,0.0,0.0,0.0,0.0,3,낮음
알루미늄선반가공,< 10,< 10,0.3,0.0,3.71,0.0,3,높음
알루미늄절삭가공,< 10,< 10,0.4,0.0,8.34,0.0,2,중간
알류미늄가공,< 10,< 10,0.0,0.0,0.0,0.0,3,높음
엠시나이론,< 10,< 10,0.0,0.0,0.0,0.0,3,높음
와샤가공,10,10,0.0,1.0,0.0,16.67,2,중간
가스켓가공,< 10,< 10,0.0,0.3,0.0,5.56,3,높음
각파이프가공,10,< 10,3.8,0.3,29.07,5.56,7,중간
경면가공,40,20,0.0,0.0,0.0,0.0,3,높음
곡면가공,10,< 10,0.3,0.0,4.17,0.0,3,높음
구리가공업체,< 10,< 10,0.0,0.0,0.0,0.0,3,높음
그라파이트가공,10,10,0.3,0.0,2.48,0.0,9,중간
기계가공업체,10,20,0.4,0.0,2.37,0.0,15,높음
기계제작의뢰,< 10,< 10,0.0,0.0,0.0,0.0,3,높음
니플가공,< 10,< 10,0.5,2.0,16.67,33.34,2,중간
다축CNC,< 10,< 10,0.0,0.0,0.0,0.0,3,높음
다축가공,10,10,0.0,0.0,0.0,0.0,3,높음
동부스바가공,< 10,< 10,0.2,0.0,8.0,0.0,8,중간
동파이프가공,< 10,< 10,0.3,1.1,6.67,18.19,3,높음
로라가공,10,< 10,1.0,0.7,10.0,9.53,3,높음
롤러가공,20,20,1.4,2.0,6.23,10.0,11,중간
바렐가공,30,10,0.0,0.0,0.0,0.0,1,중간
백그라이트가공,10,< 10,1.0,0.0,9.1,0.0,3,높음
백크라이트,90,40,0.0,0.0,0.0,0.0,3,높음
범용가공,10,< 10,0.3,0.0,1.97,0.0,3,높음
베이크라이트,300,390,2.9,5.0,1.09,1.51,14,높음
3D가공업체,< 10,< 10,0.3,0.0,16.67,0.0,3,높음
3축CNC,< 10,10,0.7,0.3,9.53,3.71,3,높음
3축가공,10,< 10,0.0,0.0,0.0,0.0,3,높음
5면가공,< 10,< 10,0.4,0.0,4.77,0.0,3,높음
CNC가공단가,< 10,10,1.0,2.7,14.29,24.25,3,높음
CNC비용,< 10,10,0.0,0.3,0.0,2.57,3,높음
CNC선반밀링,30,10,0.7,0.0,1.76,0.0,3,높음
CNC선반업체,< 10,< 10,0.0,0.0,0.0,0.0,3,높음
MCT임가공,10,< 10,1.9,0.0,12.85,0.0,7,중간
MC나이론,220,90,5.4,4.7,2.61,5.13,15,높음
MC나일론,1040,560,17.3,13.3,1.78,2.49,15,높음
MC오일론,< 10,< 10,2.4,0.0,80.0,0.0,2,중간
NCT절곡,20,30,0.5,0.0,1.62,0.0,2,중간
NCT제작,< 10,10,0.4,1.1,9.1,28.58,3,높음
NC가공업체,< 10,< 10,0.7,0.0,8.34,0.0,3,높음
NC선반가공,< 10,< 10,0.0,0.3,0.0,5.56,3,높음
PPS가공,< 10,< 10,1.0,0.0,16.67,0.0,3,높음
PU가공,< 10,< 10,0.0,0.0,0.0,0.0,2,중간
PVC가공업체,< 10,10,0.3,1.0,6.67,7.7,3,높음
PVC제작,120,170,6.3,4.5,5.98,2.89,15,높음
STS가공,< 10,< 10,0.0,0.0,0.0,0.0,3,높음
SUH1,< 10,< 10,2.0,0.0,40.0,0.0,3,높음
SUS303CU,< 10,< 10,0.0,0.0,0.0,0.0,0,낮음
SUS304CU,< 10,< 10,0.0,0.0,0.0,0.0,2,중간
SUS304J1,< 10,< 10,0.0,0.0,0.0,0.0,2,중간
SUS304N2,< 10,< 10,0.0,0.0,0.0,0.0,3,높음
SUS304가공,10,10,0.0,0.0,0.0,0.0,3,높음
SUS312L,< 10,< 10,0.0,0.0,0.0,0.0,2,중간
SUS316LN,10,< 10,0.0,0.0,0.0,0.0,3,높음
SUS329J1,< 10,< 10,0.0,0.0,0.0,0.0,2,중간
SUS420F,< 10,< 10,1.0,0.4,12.5,20.0,3,높음
SUS420J1,10,< 10,0.8,0.0,5.89,0.0,1,중간
SUS430J1L,< 10,< 10,0.0,0.3,0.0,11.12,3,높음
SUS440A,< 10,< 10,0.0,0.0,0.0,0.0,3,높음
TAP가공,70,30,0.0,0.3,0.0,1.2,3,높음
TEFLON가공,< 10,< 10,0.3,0.0,5.89,0.0,3,낮음
금속각인,130,270,1.3,6.5,1.08,2.64,15,높음
방전,1900,4290,0.0,0.7,0.0,0.02,3,높음
스텐레스주문제작,< 10,30,0.3,0.7,11.12,2.09,15,높음
철가공,80,90,2.0,6.3,2.52,7.36,15,높음
가공품,490,370,0.0,0.4,0.0,0.12,3,높음
남선밀링,40,40,2.7,0.0,7.62,0.0,3,높음
중고밀링바이스,< 10,10,0.0,1.3,0.0,9.68,3,높음
DWELLPIN,< 10,< 10,0.0,1.0,0.0,12.5,1,중간
DS워터,20,< 10,0.0,0.0,0.0,0.0,4,낮음
SHAFTPIN,< 10,< 10,0.3,0.0,8.34,0.0,3,높음
범용선반,620,750,8.7,25.7,1.5,3.82,15,중간
레이저컷팅,610,830,7.4,12.0,1.35,1.55,15,높음
부품제작,20,20,0.5,2.0,1.95,10.0,15,높음
와이어커팅,220,160,1.9,4.0,0.98,2.64,15,높음
실험실,1240,1190,9.1,7.0,0.79,0.64,15,높음
철재제작,30,40,1.9,0.0,6.96,0.0,15,높음
온수세척기,< 10,< 10,0.6,0.0,8.89,0.0,6,중간
원형파이프가공,< 10,10,0.7,0.8,14.29,4.77,3,높음
절곡가공,30,30,0.9,0.0,2.79,0.0,13,중간
MC가공,80,30,2.7,0.3,3.65,0.96,15,높음
스텐레스가공,50,70,1.3,3.3,2.92,4.98,15,높음
베벨기어가공,10,< 10,0.1,0.3,1.17,6.67,8,중간
연마가공,70,30,0.6,0.0,0.88,0.0,15,높음
ANODIZING,620,280,0.7,0.0,0.12,0.0,3,높음
멀티포밍,60,50,2.6,1.9,4.0,3.82,5,중간
평면연삭,20,10,0.0,0.0,0.0,0.0,3,높음
장비제작,70,20,1.1,1.0,1.57,3.58,15,높음
와이어컷팅,530,720,7.3,20.3,1.56,3.08,15,중간
파이프레이저가공,70,50,3.1,7.7,4.87,13.46,15,높음
4축가공,10,10,1.1,1.0,6.63,10.0,11,중간
CNCLATHE,50,10,0.0,0.0,0.0,0.0,2,중간
LATHE,850,650,0.9,0.3,0.11,0.06,8,중간
포맥스가공,60,50,1.1,1.7,2.23,3.41,15,높음
부스바제작,50,30,2.2,0.7,4.18,1.97,11,중간
TRAVERSER,40,40,0.0,0.0,0.0,0.0,2,중간
트래버서,10,10,0.0,0.0,0.0,0.0,1,중간
자동권선기,30,20,1.0,0.0,3.34,0.0,3,높음
유클립,50,120,0.8,0.0,1.6,0.0,5,중간
UCLIP,< 10,< 10,0.0,0.0,0.0,0.0,1,중간
와인딩,1020,3650,0.0,0.0,0.0,0.0,3,높음
권선기,300,240,4.7,8.3,1.65,3.67,15,높음
QUICKCLAMP,10,< 10,0.3,0.0,1.86,0.0,3,높음
왕복대,50,30,0.0,0.0,0.0,0.0,2,중간
부천와이어컷팅,< 10,< 10,0.0,1.5,0.0,16.67,2,중간
선반밀링복합기,< 10,10,0.1,0.0,2.95,0.0,9,중간
와이어공장,10,< 10,2.1,0.0,19.05,0.0,2,중간
WIRECUT,10,10,0.0,0.5,0.0,3.85,3,높음
금형와이어,10,< 10,0.0,0.0,0.0,0.0,3,높음
금형정밀,< 10,10,0.0,0.0,0.0,0.0,2,중간
다이스가공,< 10,10,0.0,0.0,0.0,0.0,2,중간
CNC금형,10,10,0.0,0.0,0.0,0.0,3,높음
EDM와이어,10,10,0.8,0.0,5.41,0.0,3,높음
PCB금형,< 10,< 10,0.7,0.0,11.12,0.0,3,높음
부천와이어,< 10,10,0.0,0.0,0.0,0.0,2,중간
파워밀교육,20,20,1.1,0.7,4.38,3.18,6,중간
파워밀가격,20,20,0.7,0.0,3.93,0.0,3,높음
와이어컷팅가공,10,< 10,0.0,0.0,0.0,0.0,3,높음
와이어컷,40,20,0.0,0.0,0.0,0.0,3,높음
와이어집,< 10,10,0.0,0.0,0.0,0.0,1,중간
와이어제조,< 10,< 10,0.0,0.0,0.0,0.0,1,중간
와이어방전가공,20,20,0.3,0.0,1.62,0.0,3,높음
화낙와이어,< 10,< 10,0.0,1.0,0.0,20.0,2,중간
와이어방전,10,< 10,0.0,0.0,0.0,0.0,3,높음
와이어드럼,60,60,2.4,0.7,4.29,1.15,9,중간
철판가공,580,990,15.4,40.8,2.87,4.47,15,높음
PC카바,< 10,< 10,0.5,0.0,7.15,0.0,2,중간
알루미늄판재가공,20,10,0.7,1.0,3.34,9.38,3,높음
휴대폰케이스디자인,30,80,0.3,0.0,0.89,0.0,15,높음
제품랜더링,10,< 10,0.7,0.0,3.93,0.0,3,높음
공기청정기개발,10,< 10,1.0,0.3,8.34,4.17,3,높음
MDFCNC가공,30,10,4.1,0.3,15.11,2.09,10,중간
고정앙카,40,40,0.0,0.6,0.0,1.89,3,높음
판넬앙카,20,60,0.0,0.0,0.0,0.0,3,높음
스텐제작,200,520,11.0,37.3,5.65,7.77,15,높음
금속조형물제작업체,< 10,< 10,0.3,0.3,16.67,33.34,3,높음
연마업체,10,10,0.0,0.0,0.0,0.0,3,높음
대구정밀가공,< 10,< 10,0.8,0.0,11.77,0.0,2,중간
철판벤딩,40,30,1.7,0.0,4.0,0.0,12,중간
INSERT,4610,8430,1.4,0.0,0.04,0.0,13,중간
동판레이저가공,< 10,< 10,2.0,0.0,50.0,0.0,1,중간
정밀레이저가공,< 10,< 10,2.7,0.0,44.45,0.0,2,중간
SUS롤러,< 10,< 10,0.0,0.0,0.0,0.0,3,높음
레이져가공,10,< 10,0.3,0.0,2.67,0.0,15,높음
로꾸루,< 10,< 10,1.0,0.5,25.0,9.1,2,중간
벤치레스,50,130,1.8,2.7,3.21,2.28,13,중간
NCT가공,240,220,6.7,8.3,3.04,4.15,15,높음
장축가공,< 10,< 10,0.0,0.0,0.0,0.0,2,중간
절단가공,30,20,0.1,0.0,0.41,0.0,15,높음
샤프트가공업체,< 10,< 10,0.0,0.0,0.0,0.0,3,높음
절곡,1810,2120,10.5,26.3,0.64,1.36,15,중간
ROLLERSHAFT,10,< 10,1.0,0.0,8.34,0.0,2,중간
PVC인서트,60,20,0.7,0.0,1.06,0.0,11,중간
판금레이저,10,10,0.0,0.7,0.0,6.25,3,높음
소형밀링기계,< 10,< 10,1.0,0.0,50.0,0.0,3,높음
명판각인기,60,60,1.2,0.5,2.23,0.93,15,높음
목업가공,10,< 10,0.0,0.0,0.0,0.0,15,높음
단조가공,90,60,0.2,0.0,0.27,0.0,15,높음
CNC아크릴가공,10,< 10,0.0,0.4,0.0,7.15,3,높음
스롯타,20,20,1.3,0.3,5.8,1.45,3,높음
키홈,280,90,1.0,0.0,0.39,0.0,3,높음
스로타,< 10,10,0.0,0.0,0.0,0.0,2,중간
KEY가공,20,< 10,1.0,0.0,4.77,0.0,2,중간
슬로타,< 10,< 10,1.0,0.0,50.0,0.0,3,높음
슬롯타,10,10,0.5,0.5,4.55,3.71,2,중간
슬롯터,10,< 10,2.0,1.0,20.0,33.34,1,중간
의료부품,10,< 10,0.0,0.0,0.0,0.0,3,높음
자동차부품제조,60,100,0.9,0.0,1.48,0.0,15,높음
와인딩머신,30,30,0.7,0.0,2.6,0.0,3,높음
아크릴조명박스,20,20,0.9,0.3,4.14,1.34,14,높음
파이프레이저절단기,< 10,< 10,1.8,0.0,35.3,0.0,3,낮음
절곡기계,10,20,0.0,0.0,0.0,0.0,3,높음
소형레이저절단기,10,20,0.5,0.0,3.19,0.0,14,높음
레이저가공견적,< 10,< 10,0.2,0.0,6.67,0.0,15,높음
금속레이저컷팅기,< 10,< 10,0.3,0.4,5.0,7.15,7,중간
기계탭,70,100,1.2,0.0,1.55,0.0,12,중간
금속레이저커팅기,10,< 10,0.3,0.0,2.65,0.0,14,높음
프레스가공업체,20,10,1.1,0.3,5.07,3.34,15,높음
절단,1370,1980,0.5,2.5,0.05,0.14,15,높음
인천남동공단,610,1050,0.8,0.3,0.15,0.04,15,높음
대구MCT,10,10,2.0,0.0,11.12,0.0,3,높음
화성가공,< 10,< 10,2.4,0.0,40.0,0.0,3,높음
영성정밀,20,30,0.0,0.0,0.0,0.0,0,낮음
구미MCT,10,10,2.0,0.0,12.5,0.0,1,중간
국내가공,< 10,< 10,0.0,0.0,0.0,0.0,3,높음
각인기,620,1360,3.9,11.3,0.68,0.92,15,높음
엔드밀제작,< 10,< 10,0.0,0.0,0.0,0.0,3,높음
WIRECUTTING,30,10,0.0,0.0,0.0,0.0,3,높음
플라스틱모형제작,10,30,0.6,0.0,4.21,0.0,15,중간
금속핀,10,30,0.7,0.3,5.56,1.29,3,높음
플라스틱S고리,10,40,0.0,0.7,0.0,1.56,3,높음
C형고리,< 10,20,0.0,0.0,0.0,0.0,3,높음
회전고리,130,250,1.2,0.8,1.04,0.31,15,높음
안경고리,230,1030,1.3,37.5,0.6,3.67,15,높음
오픈링,110,660,0.5,3.0,0.45,0.48,15,높음
옷장고리,10,70,1.0,1.8,11.12,2.39,3,높음
원형고리,200,430,0.8,1.3,0.42,0.31,15,높음
문고리가격,10,110,0.1,2.5,0.42,2.43,15,높음
문고리구매,< 10,10,0.0,0.3,0.0,1.97,3,높음
문고리구입,< 10,< 10,0.0,0.0,0.0,0.0,3,높음
문고리규격,10,20,0.4,0.0,2.18,0.0,3,높음
문고리손잡이,180,1070,3.3,56.3,1.87,5.67,15,높음
문고리종류,20,90,0.3,0.7,1.15,0.79,9,중간
문고리추천,< 10,50,0.3,0.5,4.77,0.88,15,높음
문고리파는곳,20,260,0.1,7.5,0.28,3.14,15,높음
붕어열쇠고리,20,60,0.1,0.0,0.31,0.0,15,높음
샤클종류,20,70,0.5,0.7,1.95,1.13,4,낮음
손잡이문고리,10,30,0.0,0.3,0.0,1.05,3,높음
스냅훅,30,30,0.7,1.7,2.23,5.06,3,높음
C고리,< 10,10,0.0,0.3,0.0,2.78,3,높음
현관문고리,320,2020,2.9,48.0,1.0,2.57,15,높음
UHING,< 10,< 10,0.3,0.0,8.34,0.0,3,높음
부품,2330,1520,3.5,5.5,0.17,0.39,15,중간
금속부품제작,< 10,< 10,0.0,0.0,0.0,0.0,2,중간
PRESS,4340,12700,1.8,0.0,0.05,0.0,15,중간
MDF커팅,20,20,0.7,1.5,4.08,8.83,15,높음
CNC모형절단기,< 10,< 10,0.3,0.0,11.12,0.0,3,높음
우드CNC,30,40,4.6,1.0,15.39,2.66,6,중간
PLC판넬제작,< 10,< 10,0.3,0.0,5.56,0.0,3,높음
명판기계,< 10,20,0.0,2.0,0.0,12.5,6,중간
다비드조각기,20,< 10,1.5,0.0,8.34,0.0,1,중간
이스케이프먼트,30,30,0.0,0.0,0.0,0.0,2,중간
무진동파레트,80,< 10,1.0,0.0,25.0,0.0,1,중간
밸브부품,10,10,0.3,0.7,3.34,6.67,3,높음
CAP,3720,7840,3.5,14.2,0.11,0.2,14,중간
휴대폰목업,270,240,14.4,11.0,5.58,5.17,15,중간
판금가공업체,< 10,< 10,0.0,0.0,0.0,0.0,3,높음
황동제작,20,30,1.8,2.7,7.67,6.84,14,높음
알미늄컷팅기,< 10,10,0.3,0.3,4.23,2.78,12,중간
동부스바제작,10,< 10,1.3,0.0,14.82,0.0,3,높음
밀링머신,770,640,4.2,17.7,0.57,2.92,15,높음
CNC프라즈마절단기,< 10,< 10,0.4,0.0,5.89,0.0,7,중간
반도체장비부품,40,10,0.8,0.0,1.78,0.0,15,높음
스프링데크인서트,10,10,1.0,0.0,9.1,0.0,3,높음
반도체가공,20,20,0.0,0.0,0.0,0.0,4,낮음
진열대주문제작,< 10,< 10,0.5,0.3,8.89,4.17,15,높음
스텐리스제작,10,10,2.7,0.3,26.67,4.17,3,높음
UV평판,40,30,1.7,1.3,4.51,3.91,15,높음
아크릴조각,110,150,5.6,8.5,5.67,6.3,15,높음
알루미늄조각기,< 10,10,0.4,0.7,5.89,4.17,6,중간
플라즈마절단,130,120,0.8,2.8,0.62,2.36,14,높음
디자인기구설계,< 10,< 10,0.3,0.3,33.34,4.77,3,높음
제품제작업체,< 10,10,0.5,0.0,17.78,0.0,15,높음
플라스틱성형기,10,10,0.3,0.0,2.64,0.0,3,높음
자동차3D모델링,10,< 10,0.3,0.0,2.05,0.0,3,높음
대전비즈,2520,1240,0.0,0.0,0.0,0.0,3,높음
블렌더3D,990,670,1.3,0.3,0.15,0.06,3,높음
CNC가격,20,30,0.5,0.3,1.79,0.7,13,중간
PET성형,10,< 10,2.2,0.0,19.65,0.0,5,중간
SUS316L,410,170,3.3,1.8,0.89,1.2,15,높음
플라스틱생산업체,< 10,< 10,0.3,0.0,4.77,0.0,3,높음
캐디안3D,550,70,0.8,0.5,0.15,0.72,15,높음
특수리벳,20,10,1.2,1.0,4.82,8.34,3,낮음
스플릿링,310,1010,0.5,1.0,0.19,0.11,15,높음
철판절단기,120,220,2.0,9.5,1.75,4.78,15,높음
CNC조각기중고,20,40,2.0,0.5,8.34,1.12,3,높음
SUS옷장,< 10,< 10,0.9,0.0,17.03,0.0,9,중간
팹랩,310,190,0.2,0.0,0.07,0.0,11,중간
입체문자,90,70,3.9,1.0,4.93,1.48,15,높음
방전가공,660,440,3.8,3.8,0.64,0.93,15,중간
연삭가공,200,90,0.0,0.5,0.0,0.59,12,중간
플라즈마가공,30,10,0.0,0.3,0.0,2.39,3,높음
화장실환풍기,4180,19300,38.3,450.8,1.01,2.5,15,중간
휴대용계수기,60,180,0.3,0.3,0.6,0.17,14,높음
투명방수테이프,80,270,0.3,0.3,0.47,0.11,9,중간
전자저울0.1G,240,780,2.8,2.5,1.24,0.34,14,높음
맥심모카골드400,2030,4760,7.7,60.0,0.41,1.34,15,높음
몸무게전자저울,180,1060,2.2,44.0,1.3,4.38,14,높음
GREESE,< 10,< 10,0.0,0.0,0.0,0.0,2,중간
호이스트카,120,130,3.9,1.3,3.13,1.07,12,중간
PPT포인터,730,1010,2.1,15.3,0.32,1.63,15,높음
목재기계,< 10,40,0.5,3.0,6.78,7.7,8,중간
알루미늄각인,40,30,0.5,0.0,1.14,0.0,11,중간
정밀핀,10,< 10,1.7,1.0,16.67,100.0,3,높음
랜더링,2790,3050,0.8,0.0,0.04,0.0,15,중간
초정밀금형,10,10,1.7,0.0,9.26,0.0,3,높음
사출인서트,30,< 10,1.0,0.0,2.95,0.0,3,높음
노즐가공,10,< 10,0.0,0.3,0.0,8.34,3,높음
테프론코팅방법,30,50,1.7,1.0,4.91,2.0,3,높음
와이어맥스,< 10,< 10,0.0,0.5,0.0,16.67,3,높음
3D모델링디자인,< 10,10,0.4,1.8,7.15,11.91,2,중간
스텐레스제작,30,130,3.2,12.7,8.65,9.39,15,높음
기구설계외주,10,< 10,0.3,0.3,3.51,11.12,13,중간
플로어씽크,10,< 10,1.4,0.0,12.5,0.0,3,높음
공장싱크대,< 10,10,0.0,0.3,0.0,2.09,3,높음
MDF가공,80,50,2.5,1.0,3.38,1.93,15,높음
대구CNC,40,50,0.4,0.3,1.04,0.73,9,중간
아크릴파이프가공,10,< 10,0.3,0.0,3.04,0.0,3,높음
파이프가공,260,170,4.3,5.8,1.75,3.51,15,높음
파이프제작,80,100,2.1,3.3,2.62,3.74,15,높음
평철가공,< 10,20,0.4,1.9,4.05,7.58,11,중간
용접업체,50,40,1.5,0.0,3.2,0.0,15,높음
용접제작,30,20,0.5,1.8,1.75,6.25,15,높음
철공소,880,2540,12.3,84.3,1.55,3.61,15,높음
철구조물제작,90,80,3.5,4.5,4.36,5.36,15,높음
철물제작,100,150,6.0,10.3,6.0,7.77,15,높음
철제작,40,60,2.8,4.0,8.32,6.67,15,높음
롤제작,20,50,0.8,1.0,4.03,1.97,9,중간
마그네슘가공,20,10,0.5,0.0,2.66,0.0,12,중간
스텐용접,270,960,3.0,18.8,1.21,2.09,15,중간
기계부품,260,170,5.9,6.3,2.42,3.99,15,높음
대전철공소,20,70,1.0,1.7,6.25,2.23,3,높음
주물가공업체,< 10,< 10,0.7,0.0,16.67,0.0,2,중간
풀리제작,20,< 10,3.3,1.3,16.46,19.05,8,중간
초경가공업체,< 10,< 10,0.7,0.0,16.67,0.0,3,높음
스테인리스주문제작,20,30,0.7,1.0,4.08,3.34,12,중간
창원시제품제작,< 10,< 10,0.1,0.0,2.67,0.0,15,높음
드론기체,20,20,0.0,0.0,0.0,0.0,1,중간
드론개발,80,100,1.3,0.0,1.59,0.0,15,높음
부산금형,30,30,4.4,0.9,16.42,2.82,2,낮음
부산기계설계,< 10,10,0.0,0.0,0.0,0.0,15,높음
메탈3D프린팅,20,< 10,0.3,0.0,1.53,0.0,13,중간
인식표각인기,< 10,10,0.0,1.0,0.0,8.34,2,중간
경판가공,30,10,2.0,0.3,5.95,2.23,9,중간
볼링공지공기,< 10,< 10,2.0,0.0,50.0,0.0,1,중간
각인,3780,9160,9.1,48.0,0.27,0.58,15,중간
플라스틱사출업체,60,30,2.8,1.3,4.59,4.6,15,높음
플라스틱시제품제작,< 10,< 10,0.3,0.0,11.54,0.0,9,중간
우레탄가격,50,140,0.9,12.3,1.97,9.08,15,높음
조각날,20,20,0.3,0.5,1.53,2.64,9,중간
외날엔드밀,40,40,0.9,1.8,2.1,4.17,10,중간
부산금속가공,10,< 10,1.7,0.0,14.29,0.0,3,높음
제조업체,460,300,3.5,4.0,0.8,1.44,15,높음
렌더링,4320,4920,1.6,3.3,0.04,0.08,15,높음
금호미터텍,50,40,2.4,1.2,5.09,3.27,3,높음
평면도그리기,1080,650,1.4,0.7,0.14,0.11,15,높음
도면프리랜서,10,< 10,1.3,0.0,11.12,0.0,3,높음
플라스틱설계,< 10,< 10,0.0,0.0,0.0,0.0,3,높음
플라스틱소량제작,10,< 10,1.7,0.0,14.29,0.0,3,높음
플라스틱주문제작,100,110,4.1,7.3,4.15,6.91,15,높음
하드웨어개발,70,60,0.3,0.3,0.46,0.44,15,높음
시제품만들기,< 10,< 10,0.0,0.0,0.0,0.0,14,중간
시제품설계,< 10,< 10,0.3,0.0,11.12,0.0,15,높음
시제품제작소,20,10,0.4,0.0,1.6,0.0,15,높음
아이디어상품제작,30,40,1.5,0.8,4.79,1.98,15,높음
아이디어시제품,< 10,< 10,0.0,0.0,0.0,0.0,3,높음
알루미늄목업,10,< 10,0.9,0.0,5.52,0.0,15,높음
양산설계,10,10,0.0,0.0,0.0,0.0,3,높음
완구제작,10,20,0.3,1.3,3.38,5.8,15,높음
이중사출,450,190,3.6,2.0,0.84,1.09,15,높음
인천3D프린팅,10,< 10,0.5,0.0,6.07,0.0,15,높음
제작대행,10,10,0.0,0.3,0.0,3.71,3,높음
제작주문,30,70,0.3,0.5,1.06,0.69,14,높음
캐드도면의뢰,10,10,1.3,1.0,7.82,7.15,4,낮음
캐드도면작업,20,10,1.0,0.3,4.55,3.04,3,높음
캐드제작,10,< 10,1.0,0.0,9.1,0.0,3,높음
케이스설계,< 10,< 10,0.0,0.0,0.0,0.0,3,높음
부천3D프린터,10,20,0.3,0.0,1.67,0.0,15,높음
부천목업,10,< 10,0.7,0.0,3.99,0.0,11,중간
부품설계,20,10,0.0,0.0,0.0,0.0,5,중간
생활아이디어제품,10,10,0.7,0.0,6.67,0.0,3,높음
설계업체,40,30,0.1,0.0,0.35,0.0,15,높음
설계용역,280,70,1.4,0.0,0.54,0.0,15,높음
3D도면설계,10,< 10,0.0,0.0,0.0,0.0,3,높음
3D모델링설계,< 10,< 10,0.0,0.3,0.0,5.56,3,높음
3D샘플제작,< 10,< 10,0.1,0.0,4.45,0.0,15,높음
3D설계도,40,30,0.3,0.0,0.96,0.0,3,높음
3D프린터도면,410,300,1.5,1.0,0.38,0.36,15,높음
3D프린터부품,320,150,3.9,1.0,1.32,0.69,15,높음
3D프린터의뢰,100,120,2.7,11.8,2.63,10.05,15,높음
3D프린터작품,110,140,0.6,0.0,0.54,0.0,14,높음
3D프린트제작,80,70,4.1,10.7,4.81,15.93,15,높음
3D형상모델링,30,20,0.0,0.0,0.0,0.0,3,높음
WORKINGMOCKUP,20,< 10,0.0,0.0,0.0,0.0,3,높음
가전제품개발,< 10,10,0.7,0.7,22.23,7.41,3,높음
간이금형,40,20,1.0,0.3,2.8,1.45,15,높음
개발업체,40,10,1.3,0.0,2.76,0.0,15,높음
기계제작업체,10,< 10,1.4,1.0,14.0,12.5,15,높음
기구물설계,< 10,< 10,0.0,0.0,0.0,0.0,3,높음
기구설계프리랜서,10,10,0.7,0.0,4.45,0.0,3,높음
도면그리기,2630,1620,0.4,0.7,0.02,0.05,5,낮음
플라스틱샘플제작,10,< 10,0.7,0.0,9.53,0.0,3,높음
파이프나사,70,80,0.7,1.0,1.06,1.23,10,중간
너트제작,30,20,1.2,1.3,4.03,5.96,10,중간
황동부싱,60,30,1.2,0.3,2.13,0.98,7,중간
스핀들축,20,40,0.0,0.0,0.0,0.0,1,중간
슬롯가공,10,< 10,0.0,0.0,0.0,0.0,2,중간
슬립온후렌지,< 10,10,0.0,0.0,0.0,0.0,3,높음
액슬샤프트,70,60,0.0,0.0,0.0,0.0,3,높음
양산가공,< 10,< 10,0.0,1.5,0.0,30.0,3,높음
윤곽가공,10,< 10,0.0,0.0,0.0,0.0,1,중간
의료기부품,< 10,10,0.7,0.3,11.12,3.34,3,높음
인장시편,120,40,3.4,0.3,3.05,0.66,10,중간
인장시편가공,< 10,< 10,0.0,0.0,0.0,0.0,1,중간
인장시험편,50,10,0.0,0.0,0.0,0.0,1,중간
자동차부품가공업체,< 10,< 10,0.0,0.0,0.0,0.0,3,높음
드릴가공,50,40,0.0,0.0,0.0,0.0,3,높음
밀핀가공,< 10,< 10,2.0,0.0,40.0,0.0,1,중간
반도체CNC,< 10,10,0.0,0.0,0.0,0.0,1,중간
반도체MCT,10,10,0.0,0.0,0.0,0.0,1,중간
배관가공,10,10,0.7,0.0,5.13,0.0,3,높음
범용선반부품,< 10,< 10,0.4,0.5,6.07,7.7,5,중간
복합기가공,10,< 10,0.3,0.4,5.56,9.1,3,높음
볼트홀가공,20,10,0.8,0.6,2.99,7.15,2,중간
부싱가공,10,< 10,0.0,0.0,0.0,0.0,3,높음
블라인드후렌지,40,30,0.0,0.0,0.0,0.0,3,높음
샤프트홀더,180,60,3.5,0.5,2.09,0.91,9,중간
선반가공품,< 10,< 10,0.0,0.0,0.0,0.0,2,중간
선반나사가공,10,30,0.0,0.0,0.0,0.0,2,중간
세라믹가공업체,30,< 10,2.4,0.3,6.99,3.34,14,높음
스텐부품,10,20,0.6,1.0,5.83,3.58,10,중간
스트리퍼가이드핀,< 10,< 10,0.0,0.0,0.0,0.0,3,높음
MCT선반,60,50,0.0,1.0,0.0,3.45,1,중간
MCT지그,10,< 10,0.0,0.3,0.0,5.0,3,높음
MCT탭가공,< 10,< 10,0.0,0.0,0.0,0.0,1,중간
RF후렌지,20,30,0.3,0.4,1.67,1.06,3,높음
가공선반,30,20,3.1,0.6,8.74,2.78,3,낮음
게이트부시,< 10,< 10,0.0,0.5,0.0,25.0,2,중간
금속부싱,< 10,< 10,0.0,0.0,0.0,0.0,3,높음
금속임가공,< 10,< 10,0.0,0.0,0.0,0.0,3,높음
금형핀가공,< 10,< 10,1.0,1.0,50.0,25.0,2,중간
내경나사가공,< 10,10,0.0,0.0,0.0,0.0,2,중간
너트가공,20,20,0.3,0.8,1.67,3.41,11,중간
황동봉가공,< 10,< 10,0.0,0.0,0.0,0.0,2,중간
