연관 검색어,PC 월간 검색수,PC 월평균 클릭수,PC 월평균 클릭률,모바일 월간 검색수,모바일 월평균 클릭수,모바일 월평균 클릭율,월평균 노출 광고수,경쟁 정도
판금,2130,11.1,0.56,4860,8.3,0.19,15,높음
NCT가공,220,4.3,1.99,220,6.7,3.11,15,높음
콘트롤박스,480,12.9,2.86,630,24.0,4.09,15,높음
알곤용접,1220,5.6,0.49,3860,60.8,1.69,15,높음
용접학원,1040,19.6,2.02,3190,105.8,3.58,15,높음
전기함,250,3.9,1.63,490,9.3,2.06,15,높음
티그용접,700,1.9,0.28,1730,1.7,0.11,15,높음
용접기사실기,200,1.5,0.81,410,1.0,0.26,9,중간
자동차판금도색가격,560,10.0,1.86,4440,157.8,3.82,13,중간
판금도색,630,2.9,0.48,2280,2.7,0.13,15,높음
분체도장,3490,41.4,1.27,3810,112.3,3.16,15,높음
철판제작,190,5.1,2.86,390,21.7,5.89,14,높음
판금가공,110,2.4,2.31,70,3.0,4.77,15,높음
대구용접학원,140,2.4,1.7,300,13.6,4.72,15,높음
판금업체,60,2.9,4.48,10,0.3,2.09,15,높음
알곤용접학원,20,2.1,8.74,120,8.0,6.51,14,높음
용접기호,1990,0.0,0.0,960,0.0,0.0,2,중간
용접시편,410,6.1,1.61,470,38.5,8.88,15,높음
자동차도색,990,7.3,0.79,5040,84.0,1.8,15,높음
하이박스,3940,104.1,2.81,4450,210.5,5.09,15,높음
자동차도색비용,710,7.7,1.14,6000,167.7,3.01,15,높음
안산용접학원,40,0.5,1.07,120,4.7,4.13,12,중간
용접기능사,2240,9.8,0.48,6110,103.3,1.82,15,높음
정밀판금,60,3.8,6.46,20,1.3,5.34,15,높음
자동차판금도색,310,2.1,0.74,2150,43.8,2.18,15,높음
용접기능사국비지원,10,1.0,11.12,20,0.0,0.0,3,높음
지주간판,790,12.1,1.69,660,19.0,2.99,15,높음
방수판넬,90,2.9,3.42,160,3.5,2.35,11,중간
현수막게시대,560,13.3,2.49,280,17.5,7.02,15,높음
도색,1400,1.3,0.11,3680,5.3,0.16,15,높음
간판종류,890,23.7,2.82,2390,103.2,4.64,15,높음
철공소,770,8.9,1.23,2330,85.0,3.89,15,높음
특수용접,450,2.5,0.58,1220,26.4,2.34,15,높음
레이져가공,< 10,0.2,4.0,< 10,0.0,0.0,15,높음
전기분전함,650,9.9,1.63,1360,32.7,2.51,15,높음
차량도색,620,4.3,0.72,3010,61.0,2.22,15,높음
스텐가공,110,6.3,5.75,220,9.2,4.3,15,높음
컨트롤박스,1020,11.4,1.19,1190,18.7,1.67,15,높음
현수막거치대,620,17.7,3.01,740,18.0,2.67,15,높음
용접자격증,1190,11.4,1.01,4570,171.3,3.98,15,높음
철판밴딩,110,2.4,2.18,100,1.3,1.35,14,높음
금속가공,510,9.4,1.9,540,14.3,2.76,15,높음
판금제작,40,4.6,11.5,20,1.7,6.18,15,높음
전체도색,110,1.5,1.42,470,14.3,3.16,15,높음
철제프레임,660,7.5,1.22,1770,35.3,2.12,15,높음
철골구조,640,8.9,1.48,600,17.8,3.16,15,높음
절곡,1560,9.1,0.62,1820,22.3,1.32,15,높음
프레스금형,860,13.6,1.66,700,15.2,2.25,15,높음
레이저절단,360,7.8,2.26,330,9.5,3.0,15,높음
아노다이징,3380,22.3,0.7,2970,52.9,1.9,15,높음
차량도색비용,430,3.3,0.83,3240,98.3,3.29,15,높음
자동차유리막코팅가격,2150,24.5,1.22,14300,425.2,3.19,15,높음
포토존,2490,24.9,1.07,5920,74.5,1.36,15,높음
자동차전체도색,160,1.9,1.23,720,19.6,2.85,15,높음
전기배전반,90,1.1,1.36,130,0.8,0.6,15,높음
자동차덴트,1280,9.1,0.77,7970,162.5,2.23,15,높음
PCRACK,80,1.6,2.04,20,1.0,4.55,11,중간
부분도색,300,1.4,0.53,1670,44.7,2.88,15,높음
철케이스,40,1.1,2.58,170,6.0,3.85,15,높음
철물제작,100,4.2,4.43,130,12.0,9.53,15,높음
철판가공,550,13.6,2.62,900,25.5,3.03,15,높음
케이스제작,780,14.3,1.92,1830,42.7,2.51,15,높음
함체제작,50,3.3,5.74,10,0.3,3.71,15,높음
절곡기,900,16.2,1.84,1100,41.0,4.03,15,높음
자동차수리견적,320,2.3,0.74,1840,49.1,2.87,15,높음
자동차공업사,970,2.4,0.26,10300,4.7,0.05,15,높음
자동차판금도장,80,0.4,0.54,330,7.7,2.58,15,높음
자동차부분도색,230,1.6,0.77,1770,47.5,2.88,15,높음
산업용케이스,50,2.5,4.75,10,1.0,9.1,15,높음
포인트간판,380,10.9,3.06,580,17.3,3.27,15,높음
전기박스,840,22.7,2.89,1110,27.3,2.66,15,높음
철제프레임제작,90,3.7,4.3,160,10.7,7.02,15,높음
자동차도장,690,2.7,0.42,2260,26.9,1.27,15,높음
차량전체도색,160,2.2,1.45,970,44.6,4.98,15,높음
IP등급,1320,0.0,0.0,680,0.0,0.0,3,높음
수입차수리,260,4.1,1.66,1360,33.5,2.66,15,높음
덴트,2120,6.3,0.32,9750,9.3,0.11,15,높음
알루미늄아노다이징,1110,19.5,1.85,1480,52.7,3.79,15,높음
IP66,270,0.5,0.19,150,0.0,0.0,15,높음
금속제작,150,7.2,4.9,210,19.7,9.74,15,높음
스테인리스제작,60,2.0,3.28,100,8.9,9.27,15,높음
철재계단,220,9.9,4.62,440,29.8,7.2,15,높음
콘솔데스크,380,16.2,4.61,390,36.3,9.97,15,높음
자동차복원,350,6.7,2.08,2450,85.7,3.76,15,높음
국비지원용접,60,2.3,3.47,200,16.1,8.38,9,중간
파이프제작,70,2.3,3.39,100,3.7,3.71,15,높음
아크용접,1030,1.1,0.12,1810,11.3,0.67,15,높음
철골계단,270,4.0,1.47,90,0.3,0.38,15,높음
배관용접학원,40,0.8,2.12,190,7.4,4.19,15,높음
철제제작,70,2.3,3.44,170,15.4,9.58,15,높음
배전반,2400,7.8,0.35,2630,16.0,0.66,15,높음
철구조물,190,4.5,2.53,180,6.0,3.49,15,높음
자동차부분도색비용,520,3.6,0.76,5170,132.8,2.8,15,높음
창원용접학원,40,2.1,4.34,140,0.0,0.0,8,중간
용접사,280,1.4,0.53,1090,15.3,1.49,15,높음
자동차수리,620,3.4,0.59,3420,32.6,1.03,15,높음
PVC박스,610,12.4,2.16,610,18.7,3.31,15,높음
부산용접학원,200,10.0,5.08,720,42.8,6.43,10,중간
카메라폴,20,1.6,6.16,20,0.3,1.67,15,높음
철판절곡,410,7.0,1.79,730,25.1,3.75,15,높음
1급공업사,660,1.1,0.19,4010,20.8,0.56,15,높음
알미늄케이스,60,2.5,4.31,100,5.0,5.44,15,높음
범퍼도색,250,1.3,0.55,800,10.3,1.38,15,높음
수배전반,1450,14.1,1.03,860,28.7,3.58,15,높음
계단제작,110,4.3,4.17,300,19.0,6.69,15,높음
자동차올도색비용,170,2.2,1.37,1520,41.9,2.98,14,높음
배관용접,230,2.2,1.01,460,14.6,3.36,15,높음
금속,1700,6.1,0.39,3130,18.3,0.64,15,높음
방수박스,250,2.9,1.25,430,8.7,2.21,15,높음
올도색,60,1.5,2.37,310,15.7,5.3,15,높음
알루미늄절곡,200,2.8,1.42,200,6.0,2.99,15,높음
특수용접학원,30,0.8,2.28,110,5.0,4.87,11,중간
레이저컷팅,400,4.7,1.24,510,7.1,1.48,15,높음
레이저절곡,130,5.5,4.25,120,1.8,1.44,15,높음
판금도장,180,0.9,0.56,530,5.9,1.17,15,높음
차도색비용,210,3.3,1.61,2500,62.7,2.74,14,높음
용접교육,120,2.3,2.08,150,13.3,8.96,15,높음
프레임제작,150,3.9,2.67,210,11.7,5.7,15,높음
자동차전체도색비용,330,2.4,0.77,2220,6.0,0.3,15,높음
철골,940,9.9,1.11,1150,25.3,2.36,15,높음
로봇용접,60,0.5,0.8,180,1.0,0.59,14,높음
CO2용접,570,0.9,0.18,1000,16.0,1.71,15,높음
용접학원비용,70,1.0,1.44,410,17.8,4.63,15,높음
벤츠수리,180,2.7,1.58,820,25.6,3.45,15,높음
카센터,2550,2.3,0.1,39100,3.3,0.01,15,높음
레이저판금,20,2.5,8.91,20,1.4,6.25,5,중간
분전반,3280,26.3,0.86,3010,24.2,0.86,15,높음
전기용접,280,0.9,0.35,640,9.3,1.54,15,높음
채널간판,1130,12.9,1.23,1540,34.5,2.45,15,높음
외함,290,3.1,1.14,190,1.5,0.8,14,높음
레이저가공,900,22.6,2.72,730,24.0,3.47,15,높음
함체,520,5.8,1.18,330,1.5,0.48,15,높음
공업사,1230,2.2,0.2,8130,2.0,0.03,15,높음
BMW수리,170,1.3,0.78,850,15.0,1.89,15,높음
갈바프레임,120,0.7,0.61,130,0.5,0.4,13,중간
HIBOX,340,10.1,3.11,100,6.7,7.02,15,높음
용접기능사실기,390,2.7,0.75,970,11.7,1.28,15,높음
잡철,150,2.1,1.39,350,3.0,0.94,15,높음
용접기능사학원,60,0.7,1.23,140,8.0,6.04,15,높음
CASE,3930,0.9,0.03,9500,8.7,0.1,10,중간
철제가구제작,30,2.1,5.78,90,16.3,18.71,15,높음
분전함,2610,25.1,1.03,3470,40.3,1.25,15,높음
자동차범퍼복원,350,5.9,1.78,3290,5.3,0.18,15,높음
레이저커팅,680,9.5,1.48,840,15.7,2.01,15,높음
국비지원용접학원,30,0.5,1.54,50,4.7,9.68,10,중간
철구조물제작,60,3.3,5.47,60,4.1,6.47,15,높음
용접기사,810,3.1,0.42,1640,13.0,0.84,15,높음
알루미늄가공,570,14.0,2.6,540,14.9,2.87,15,높음
간판프레임,30,1.0,2.82,40,0.0,0.0,13,중간
펀칭제작,< 10,2.2,27.28,10,0.8,10.0,3,높음
RACKCASE,20,0.3,1.21,< 10,0.0,0.0,11,중간
케이스판금,< 10,0.0,0.0,< 10,0.0,0.0,3,높음
콘솔데스크제작,10,1.3,10.43,< 10,0.0,0.0,14,높음
콘솔랙,10,2.0,16.67,10,0.0,0.0,3,높음
통신외함,< 10,0.0,0.0,< 10,1.0,20.0,0,낮음
판금레이저,10,0.7,6.67,10,0.4,5.0,3,높음
철난간,10,0.4,2.07,70,2.5,3.79,13,중간
철박스제작,< 10,2.3,25.93,10,0.7,5.89,3,높음
철상자,30,0.7,2.66,100,0.3,0.26,12,중간
철제케이스제작,10,0.9,6.78,10,2.0,14.29,13,중간
철제통,30,0.4,1.08,190,3.3,1.76,10,중간
철케이스제작,< 10,0.5,12.97,10,1.3,13.34,14,높음
철판제조,< 10,0.0,0.0,< 10,0.0,0.0,3,높음
제어박스,20,0.4,1.42,20,1.3,5.8,14,높음
스테인레스업체,< 10,0.3,5.56,10,0.3,2.39,3,높음
스텐케이스,20,0.7,2.47,80,1.1,1.34,15,높음
스텐케이스제작,< 10,0.0,0.0,10,0.3,3.34,3,높음
산업용다이,10,0.5,4.55,10,0.4,4.35,2,중간
레이져판금,< 10,0.8,11.77,< 10,0.5,7.7,2,중간
금속가공기계,20,0.1,0.64,10,0.0,0.0,14,높음
NCT절곡,20,0.8,3.71,10,0.0,0.0,3,높음
NCT정밀판금,< 10,0.0,0.0,< 10,0.0,0.0,3,높음
케이스가공,< 10,0.1,1.29,< 10,0.0,0.0,11,중간
금속케이스,50,1.8,3.6,60,3.0,5.11,15,높음
판금종류,< 10,0.0,0.0,< 10,0.0,0.0,3,높음
키오스크판금,< 10,0.4,7.15,< 10,0.5,25.0,2,중간
판금비용,30,0.0,0.0,160,0.0,0.0,13,중간
판금기계,10,1.2,6.67,20,1.0,4.0,9,중간
스텐파이프가공,80,3.8,4.48,130,3.5,2.7,12,중간
판금집,10,0.5,3.23,10,0.6,5.56,2,중간
판금케이스제작,< 10,0.7,33.34,< 10,0.4,14.29,3,높음
NCT레이저,10,0.0,0.0,10,0.0,0.0,1,중간
김포레이저가공,< 10,0.0,0.0,< 10,0.3,11.12,3,높음
판금제조,< 10,0.0,0.0,< 10,0.0,0.0,3,높음
제조업,2730,3.4,0.14,3490,0.3,0.02,15,높음
서브렉,10,0.8,4.77,10,0.0,0.0,3,높음
후레임,220,0.8,0.4,370,0.8,0.22,14,높음
카바,560,0.6,0.12,1980,6.3,0.35,15,높음
디스플레이랙,10,0.0,0.0,20,0.0,0.0,3,높음
철판판금,< 10,1.3,42.86,< 10,0.0,0.0,2,중간
평철가공,10,0.7,4.14,10,0.0,0.0,8,중간
프레스임가공,10,1.2,11.54,< 10,1.2,40.0,3,높음
워키움,110,0.0,0.0,30,2.0,6.07,1,중간
업체검색,210,2.4,1.18,70,2.0,2.71,15,높음
금형프레스,50,0.3,0.55,80,1.3,1.61,14,높음
옥외함,20,1.0,4.71,< 10,0.3,4.17,12,중간
남동공단레이저,< 10,0.0,0.0,< 10,0.0,0.0,2,중간
태양광클램프,50,1.0,1.97,50,2.0,3.71,8,중간
시흥레이저가공,< 10,0.0,0.0,< 10,0.0,0.0,3,높음
소형케이스,40,0.4,1.0,80,0.7,0.96,15,높음
부천레이저,10,0.4,2.86,40,0.0,0.0,13,중간
CNC절곡,20,0.0,0.0,20,0.0,0.0,3,높음
NCT판금,30,0.8,2.55,20,0.0,0.0,12,중간
CNC절단,30,0.7,2.18,30,0.0,0.0,15,높음
판금용접,50,0.9,1.58,170,1.0,0.63,15,높음
동판절단,10,0.4,3.61,10,0.0,0.0,11,중간
외함제작,30,1.7,5.72,< 10,0.0,0.0,14,높음
차량용방향제디자인,< 10,0.0,0.0,10,0.0,0.0,3,높음
SUS,3820,11.9,0.33,3970,12.0,0.32,15,높음
스텐레스가공,40,1.1,2.7,50,3.7,7.06,15,높음
알미늄제작,10,1.0,8.4,20,1.0,3.85,11,중간
부천레이저가공,10,0.0,0.0,< 10,0.0,0.0,3,높음
금속가공업체,50,2.1,4.14,30,1.7,5.06,15,높음
철제가공,10,0.8,4.73,20,1.0,4.17,7,중간
철판홀가공,< 10,0.0,0.0,20,0.0,0.0,3,높음
금속레이저컷팅기,< 10,1.1,19.05,< 10,0.0,0.0,7,중간
금속레이저커팅기,10,1.7,14.11,20,0.3,1.67,13,중간
절곡비용,10,0.3,2.39,10,0.0,0.0,3,높음
시화레이저,< 10,0.0,0.0,< 10,0.0,0.0,3,높음
반도체프레임,20,0.0,0.0,20,0.7,3.18,3,높음
철판레이저컷팅,< 10,0.7,8.34,10,0.0,0.0,3,높음
프레스제작업체,< 10,0.0,0.0,< 10,0.0,0.0,3,높음
프레스금형제작업체,< 10,0.7,9.53,< 10,0.0,0.0,3,높음
프레스제작,20,0.7,2.95,10,0.7,6.07,15,높음
프레스금형가공,< 10,0.0,0.0,< 10,0.0,0.0,3,높음
철판제작업체,< 10,0.0,0.0,< 10,0.3,11.12,3,높음
스텐구조물,10,1.4,8.02,10,0.5,3.13,15,높음
기계프레임,< 10,0.0,0.0,< 10,0.0,0.0,3,높음
기계커버,20,0.4,1.84,10,0.0,0.0,15,높음
기계카바,< 10,0.9,18.67,< 10,0.0,0.0,15,높음
금속레터링,< 10,0.0,0.0,20,0.0,0.0,2,중간
스틸폼,60,1.2,1.93,130,0.3,0.2,14,높음
SUS밴딩,10,0.3,2.0,< 10,0.5,7.7,3,높음
스텐레이저커팅,< 10,1.9,31.25,10,1.3,8.34,3,높음
스텐밴딩,40,1.3,3.04,80,0.0,0.0,3,높음
인천레이저가공,10,1.3,6.67,< 10,0.0,0.0,11,중간
프레임용접,< 10,0.3,4.77,20,0.0,0.0,3,높음
레이저가공업체,50,0.7,2.04,10,0.3,2.5,15,높음
인천레이저,10,0.1,0.86,40,0.0,0.0,15,높음
알미늄절곡,10,1.1,8.89,40,0.5,1.22,4,낮음
금속레이저커팅,20,0.7,2.9,20,1.0,4.17,14,높음
철판가공업체,10,1.2,13.52,10,0.8,6.67,12,중간
소형레이저절단기,10,0.5,2.5,10,0.0,0.0,13,중간
절곡업체,20,0.9,3.25,10,0.0,0.0,13,중간
판금설계,100,0.5,0.49,70,0.0,0.0,15,높음
스텐판절곡,20,2.6,8.97,30,0.7,2.47,5,중간
철판레이져,< 10,0.0,0.0,< 10,0.0,0.0,3,높음
레이저가공견적,< 10,0.2,5.46,< 10,0.3,8.34,14,높음
알루미늄케이스주문제작,10,1.1,6.11,10,0.0,0.0,12,중간
계측기케이스,10,0.4,3.64,20,1.3,5.13,15,높음
19인치서브랙,< 10,2.0,40.0,< 10,0.0,0.0,1,중간
SUBRACK,10,1.0,6.25,< 10,0.0,0.0,3,높음
금속글자,20,0.6,3.26,30,0.3,1.08,7,중간
절단,1050,0.4,0.05,1730,1.0,0.07,15,높음
철판용접,40,0.7,1.52,40,0.7,1.49,15,높음
철재구조물,10,0.3,2.39,10,0.7,6.67,3,높음
인천절곡,10,0.4,2.28,< 10,0.0,0.0,3,높음
철판레이저,50,1.0,2.43,50,0.7,1.41,12,중간
레이져절곡,< 10,0.0,0.0,< 10,0.0,0.0,0,낮음
절단절곡,120,3.3,2.69,280,11.7,4.33,15,높음
금속레이저가공,20,0.5,2.86,10,0.6,4.35,15,높음
LASER,1760,1.4,0.09,3250,0.7,0.03,15,높음
절곡집,40,1.7,4.77,90,3.3,4.49,3,높음
알루미늄절단,130,1.8,1.41,220,2.7,1.33,15,높음
포차제작,< 10,2.0,66.67,10,0.8,8.34,2,중간
포장마차제작,30,3.1,8.34,140,17.3,13.55,7,중간
광주철판가공,< 10,0.3,11.12,< 10,0.0,0.0,3,높음
스탠제작,10,0.2,2.03,40,0.7,2.23,12,중간
레이져절단,< 10,0.1,4.45,< 10,0.0,0.0,15,높음
갈바절곡,130,1.8,1.37,110,0.0,0.0,13,중간
리어카제작,20,2.0,9.17,50,4.3,7.63,6,중간
절곡가공,40,0.3,0.85,20,0.0,0.0,14,높음
철판레이저커팅,10,0.7,4.09,10,0.0,0.0,3,높음
성동테크,60,3.4,5.18,60,1.3,2.11,2,낮음
CCTV함체,80,0.8,1.09,30,0.3,1.12,13,중간
폴대,1500,3.6,0.26,5120,6.0,0.13,15,높음
카메라폴대,30,0.7,2.39,50,1.3,2.84,15,높음
금속절곡,70,1.5,2.11,50,0.0,0.0,13,중간
성해산업,10,1.4,10.35,20,0.9,4.55,2,중간
스테인레스레이저가공,10,1.4,14.29,< 10,0.0,0.0,3,높음
시화절곡,< 10,0.0,0.0,< 10,0.0,0.0,2,중간
금속각도절단기,110,1.2,1.12,400,12.0,3.16,14,높음
시화공단절곡,< 10,0.0,0.0,< 10,0.0,0.0,2,중간
철제작,30,1.4,4.0,60,7.7,12.37,15,높음
프레스가공업체,20,1.3,7.02,10,0.7,4.77,15,높음
철판절단,170,2.3,1.38,240,3.3,1.45,15,높음
SUS레이저가공,10,0.7,8.34,< 10,0.0,0.0,3,높음
철재제작,10,0.4,2.38,50,1.0,1.86,15,높음
SUS절곡,30,1.4,3.51,10,0.0,0.0,3,높음
스테인레스가공,110,4.7,4.39,130,9.0,7.5,15,높음
레이져컷팅기,< 10,0.0,0.0,< 10,0.3,3.13,15,높음
체크발판,20,1.8,7.5,20,0.0,0.0,3,낮음
함석판,1540,26.3,1.82,4660,78.3,1.82,15,높음
SUS체크플레이트,< 10,0.0,0.0,< 10,0.0,0.0,1,중간
EGI판,50,1.0,2.21,10,0.7,6.67,9,중간
문래동철판,10,0.0,0.0,40,0.0,0.0,1,중간
문래동철강,20,0.9,4.77,30,0.0,0.0,1,중간
문래동절곡,< 10,1.0,100.0,10,0.0,0.0,1,중간
철판경사로,20,2.0,12.2,10,0.0,0.0,3,높음
철판덮개,30,0.3,0.97,40,0.5,1.2,3,낮음
알류미늄판,< 10,0.0,0.0,10,0.7,4.77,14,높음
절곡절단,10,0.7,4.88,20,1.2,6.39,3,높음
수원레이저가공,10,0.4,3.85,< 10,0.0,0.0,8,중간
스텐레스판,190,6.0,3.28,380,19.0,5.39,15,높음
샤링절곡,10,1.0,8.34,30,1.1,3.71,3,높음
경사로제작,30,1.5,4.57,30,4.0,10.53,14,높음
알루미늄컷팅,20,0.1,0.33,50,0.0,0.0,15,높음
SUS체크판,< 10,0.0,0.0,< 10,0.0,0.0,2,중간
맨홀제작,40,2.1,4.84,10,1.0,7.15,14,높음
철제발판,60,1.1,1.99,90,0.5,0.55,15,높음
스텐판절단,10,1.3,12.5,20,2.3,8.11,5,중간
스텐맨홀뚜껑,< 10,0.0,0.0,< 10,0.0,0.0,2,중간
프레스가공,390,7.7,2.08,200,9.3,4.6,15,높음
평철제작,10,0.0,0.0,10,0.0,0.0,1,중간
사각맨홀,580,26.1,4.86,490,23.1,5.23,15,높음
스테인레스커팅,< 10,0.0,0.0,< 10,0.8,16.67,3,높음
스텐앵글,370,15.4,4.36,800,44.9,6.01,15,높음
금속글씨,10,0.5,4.35,10,0.0,0.0,2,중간
스텐뚜껑,110,1.0,0.99,590,0.5,0.09,15,높음
차량진입판제작,10,1.1,7.05,30,4.0,11.43,14,높음
안산레이저가공,10,0.7,6.67,< 10,0.0,0.0,9,중간
미끄럼방지철판,50,0.9,1.69,90,1.3,1.41,6,중간
EGI철판,120,1.1,0.88,50,2.0,3.51,14,높음
알루미늄레이저가공,50,1.2,2.68,40,0.4,0.85,12,중간
스텐함,50,0.6,1.25,80,0.0,0.0,15,높음
레이저임가공,10,0.0,0.0,10,0.0,0.0,15,높음
문턱경사로,110,0.7,0.66,160,0.8,0.47,15,높음
철판절단절곡,30,1.8,4.74,30,0.0,0.0,14,높음
금속레이저절단,< 10,0.8,8.52,< 10,0.3,4.35,10,중간
알미늄조각,< 10,0.3,4.35,< 10,0.0,0.0,14,높음
SUS절단,10,0.1,0.46,10,0.3,2.78,15,높음
알미늄발판,30,1.7,4.4,110,2.0,1.82,10,중간
계단철판,30,0.0,0.0,90,0.0,0.0,3,높음
계단절곡,< 10,0.0,0.0,< 10,0.0,0.0,3,높음
계단경사로,60,1.1,1.92,150,8.0,5.48,15,높음
미끄럼방지계단,30,0.2,0.64,120,4.7,4.17,15,높음
무늬판,20,1.4,6.53,30,0.0,0.0,9,중간
무늬철판계단,10,1.0,7.32,10,0.0,0.0,3,높음
멘홀뚜껑,60,1.5,2.66,90,2.3,2.63,14,높음
맨홀뚜껑제작,10,0.5,3.53,10,0.4,1.97,11,중간
맨홀덮개,100,2.2,2.21,180,1.0,0.59,11,중간
사각맨홀뚜껑,190,7.9,4.27,360,18.3,5.54,14,높음
경사로발판,60,1.3,2.0,100,4.7,4.58,15,높음
경사로진입판,50,0.8,1.62,70,0.3,0.53,15,높음
함석판가공,< 10,0.0,0.0,< 10,0.0,0.0,1,중간
철판타공판,10,1.2,8.98,20,0.3,1.41,6,중간
체크무늬철판,60,1.7,2.98,80,0.8,0.97,14,높음
체크무늬판,10,0.0,0.0,20,0.0,0.0,3,높음
체크플레이트,710,20.2,3.02,560,27.0,5.18,14,높음
타공판가공,< 10,0.0,0.0,10,0.0,0.0,1,중간
타공판절곡,< 10,0.4,12.5,< 10,0.0,0.0,3,높음
트렌치,4130,86.6,2.25,7900,226.3,3.23,15,높음
차량진입발판,10,0.6,3.87,40,0.7,1.49,13,중간
철판로링,10,0.5,3.34,10,0.0,0.0,2,중간
철판발판,10,0.0,0.0,10,0.0,0.0,3,높음
입구발판,120,0.9,0.78,350,0.8,0.24,15,높음
알루미늄발판,230,4.6,2.04,410,11.0,2.88,15,높음
알루미늄철판,100,3.0,3.07,180,2.8,1.65,6,중간
알루미늄판절곡,10,2.5,36.37,20,1.0,8.34,2,중간
구로철판가공,< 10,0.0,0.0,< 10,0.0,0.0,3,높음
알미늄체크판,40,1.8,3.83,160,12.7,8.07,13,중간
스텐덮개,20,0.3,1.52,100,0.7,0.66,3,높음
스텐발판,60,1.3,2.26,120,0.7,0.56,12,중간
브라켓제작,90,3.3,3.81,90,0.0,0.0,14,높음
레이저절단절곡,30,1.1,3.42,30,0.0,0.0,15,높음
레이저용접,400,4.3,1.12,480,9.0,1.92,15,높음
철판레이저가공,300,10.1,3.69,440,27.7,6.65,15,높음
갈바철판,200,5.1,2.54,140,1.8,1.25,12,중간
부산레이저가공,30,2.1,6.22,10,0.0,0.0,11,중간
CCTV폴대,200,5.7,2.91,170,7.7,4.57,15,높음
안산레이저,30,0.0,0.0,70,0.0,0.0,8,중간
스테인레스공예,< 10,1.0,33.34,10,0.0,0.0,1,중간
철판롤링,30,1.4,3.93,10,1.0,6.82,9,중간
동판절곡,10,0.7,7.41,10,2.0,18.19,3,높음
로링,140,0.6,0.4,320,0.3,0.11,14,높음
대전철판가공,10,0.7,6.67,< 10,0.0,0.0,3,높음
스텐절곡,290,7.5,2.75,700,22.0,3.36,15,높음
자동화기계설계,20,0.4,1.6,40,0.3,0.82,15,높음
ESS제조업체,< 10,0.0,0.0,< 10,0.0,0.0,2,중간
실험기기제작,< 10,0.0,0.0,< 10,0.0,0.0,3,높음
에어튜브제작,< 10,0.3,5.56,< 10,0.0,0.0,3,높음
센서개발,10,1.3,8.89,10,0.0,0.0,3,높음
스프링제작업체,10,1.1,10.24,< 10,0.0,0.0,12,중간
한국특수레이저금속,< 10,0.9,12.5,< 10,0.0,0.0,1,중간
레이저절단가공,10,0.3,3.71,< 10,0.0,0.0,3,높음
한국특수레이져금속,< 10,1.8,22.23,< 10,0.0,0.0,1,중간
한국특수레이져,< 10,0.5,6.67,< 10,0.0,0.0,2,중간
스테인레스구조물,< 10,0.0,0.0,< 10,0.0,0.0,3,높음
브이컷팅,20,0.0,0.0,40,0.3,0.84,3,높음
대형절곡,20,2.2,9.1,10,0.0,0.0,2,낮음
원형파이프절단,< 10,0.7,12.5,< 10,0.0,0.0,3,높음
철판샤링,60,0.9,1.52,50,0.0,0.0,10,중간
철가공,70,2.9,3.95,100,4.7,4.72,15,높음
나사주문제작,< 10,4.0,66.67,10,2.0,18.19,1,중간
레이져커팅기,< 10,0.0,0.0,10,0.0,0.0,0,낮음
금속제조,10,0.5,3.15,40,0.0,0.0,15,높음
브이커팅,20,0.0,0.0,20,1.0,5.89,3,높음
V컷팅,210,2.9,1.46,190,5.0,2.71,15,높음
V커팅,70,0.6,0.83,70,0.3,0.39,13,중간
금속용접,20,0.1,0.58,50,0.7,1.59,15,높음
인천철판가공,< 10,0.7,22.23,< 10,0.0,0.0,3,높음
레이저커터,130,0.9,0.7,170,6.3,3.77,15,높음
스텐레이저가공,20,3.0,15.79,20,0.0,0.0,3,낮음
양산파이프,< 10,0.7,9.1,10,0.0,0.0,3,높음
철재인테리어소품,< 10,0.0,0.0,50,4.3,9.43,15,높음
스테인레스인테리어,10,0.0,0.0,60,0.3,0.53,3,높음
알루미늄레이저절단,10,0.0,0.0,10,0.0,0.0,3,높음
전원주택우체통,70,0.8,1.16,420,24.7,6.57,14,높음
인천레이저절단,< 10,1.1,18.75,< 10,0.0,0.0,3,높음
철판임가공,< 10,0.0,0.0,< 10,0.0,0.0,3,높음
휀스제작,30,1.6,4.85,30,2.3,7.3,15,높음
시험설비제작,< 10,0.0,0.0,< 10,0.0,0.0,3,높음
스텐레스절단,10,0.1,0.43,40,0.0,0.0,15,높음
시화공단레이저,10,0.8,8.0,< 10,0.0,0.0,3,높음
밴딩가공,10,0.7,5.13,10,0.3,3.34,3,높음
스텐철판,350,16.1,4.94,980,46.2,4.97,15,높음
남양주레이저,< 10,0.2,5.89,< 10,0.0,0.0,6,중간
배전반제작,50,1.3,2.86,30,1.7,5.06,15,높음
칼라스텐,130,8.2,6.18,140,18.0,13.32,14,높음
알루미늄커팅,30,0.6,1.56,30,0.0,0.0,13,중간
파이프가공업체,10,0.1,1.36,10,0.0,0.0,15,높음
파주레이저가공,< 10,0.0,0.0,< 10,0.0,0.0,3,높음
화성레이저가공,10,0.0,0.0,< 10,0.0,0.0,3,높음
수원절곡,< 10,0.0,0.0,10,0.0,0.0,3,높음
안성레이저가공,10,0.4,2.64,< 10,0.0,0.0,3,높음
맨홀가격,30,2.4,7.77,80,7.0,9.46,13,중간
평철타공,10,1.2,10.0,10,0.5,8.34,3,높음
스틸그래이팅,60,2.4,3.97,70,3.7,5.1,14,높음
스텐물받이,60,2.0,3.1,210,2.3,1.19,10,중간
스텐절단절곡,10,1.0,5.56,30,0.7,2.2,3,높음
부산철판가공,< 10,0.3,5.56,20,0.5,4.17,3,높음
대형레이져,< 10,0.8,13.34,< 10,0.0,0.0,3,높음
평철절곡,20,1.7,8.34,20,0.9,5.89,3,높음
스텐절단,70,0.5,0.76,200,0.5,0.27,15,높음
샤링절단,< 10,0.3,3.85,10,0.5,4.55,3,높음
광주레이저가공,10,0.7,3.93,< 10,0.0,0.0,3,높음
스텐레스절곡,20,1.2,5.38,30,0.7,1.95,12,중간
철재케이스,30,1.7,4.45,50,3.2,7.0,15,높음
파이프레이저절단,10,0.9,4.84,10,0.0,0.0,10,중간
금속절단,70,0.0,0.0,120,1.3,1.12,15,높음
철박스,180,3.1,1.87,250,0.0,0.0,15,높음
소부도장,320,2.2,0.71,210,8.0,3.99,15,높음
정전분체도장,110,0.3,0.26,30,0.0,0.0,11,중간
인테리어철판,40,0.5,1.09,100,0.7,0.69,10,중간
정밀레이저가공,< 10,2.8,55.56,< 10,0.0,0.0,2,중간
스테인리스절곡,20,0.0,0.0,20,0.0,0.0,3,높음
프레스드로잉,40,1.3,3.16,< 10,0.0,0.0,2,중간
베이스철판,40,0.7,1.76,40,0.0,0.0,13,중간
수원철강,10,0.6,4.28,80,4.0,5.11,8,중간
남양주철강,20,1.4,6.43,50,2.3,4.49,10,중간
경기도광주철강,10,0.4,3.13,10,0.0,0.0,2,중간
일산철강,10,1.0,10.35,10,0.0,0.0,3,높음
시흥시철강,< 10,0.0,0.0,< 10,0.0,0.0,3,높음
자동문제작,20,1.0,4.18,10,1.3,8.89,14,높음
브라켓가공,10,0.0,0.0,20,0.7,2.9,3,높음
울산레이저절단,< 10,0.6,10.0,< 10,0.5,50.0,2,중간
대구절단절곡,< 10,1.4,20.0,10,0.0,0.0,2,중간
김해레이저가공,10,1.5,12.5,< 10,0.7,8.0,3,높음
대구레이저절단,< 10,0.4,5.27,< 10,0.0,0.0,3,높음
울산철판가공,< 10,0.9,22.23,< 10,0.8,25.0,2,중간
부산철판제작,< 10,1.0,16.67,< 10,1.3,25.0,2,중간
대구절곡,20,0.9,4.55,50,0.0,0.0,2,중간
레이저센터,130,8.6,7.06,90,2.0,2.09,7,중간
파이프밴딩기,840,24.5,3.05,2220,77.6,3.74,15,높음
레이져컷팅,< 10,0.3,11.12,10,0.3,3.34,15,높음
파이프절단기,450,17.4,4.15,1280,46.3,3.88,15,높음
파이프벤딩기,210,5.5,2.7,310,11.7,3.88,15,높음
서스파이프,280,8.2,3.13,280,13.7,5.18,15,높음
SUS레이저,10,0.7,6.67,< 10,0.0,0.0,3,높음
파이프컷팅기,80,1.1,1.6,140,9.0,6.34,15,높음
파이프커팅기,60,1.2,1.89,150,5.0,3.5,15,높음
경판가공,30,1.8,5.67,10,0.0,0.0,10,중간
부산파이프절단,10,0.0,0.0,< 10,0.0,0.0,3,높음
파이프벤더,190,2.2,1.21,220,3.7,1.8,15,높음
부산철판절단,< 10,0.0,0.0,< 10,0.0,0.0,3,높음
커팅,570,0.6,0.12,1120,0.0,0.0,15,높음
울산레이저가공,10,1.5,12.91,< 10,0.0,0.0,3,높음
절단가공,20,0.1,0.35,< 10,0.0,0.0,14,높음
철판벤딩,50,2.7,5.67,20,0.7,3.34,14,높음
코일절단기,< 10,0.0,0.0,10,0.8,6.25,2,중간
울산각관,10,2.3,25.93,10,0.3,1.97,3,높음
울산레이저,20,1.4,5.72,80,0.4,0.49,7,중간
3차원레이저가공기,10,1.3,12.5,10,0.0,0.0,2,중간
안산절곡,10,1.3,7.7,20,0.0,0.0,2,중간
알루미늄레이저,30,0.4,1.16,30,0.0,0.0,14,높음
철판절단기,150,2.8,1.92,470,14.7,3.34,15,높음
아연도금강판,580,8.6,1.62,480,18.0,3.94,14,높음
창원레이저절단,< 10,0.0,0.0,< 10,0.0,0.0,3,높음
시흥스텐,10,0.5,4.77,10,0.0,0.0,2,중간
창원레이저가공,< 10,0.3,16.67,< 10,0.0,0.0,3,높음
금속가공제품제조업,70,0.6,0.87,80,0.7,0.81,10,중간
알루미늄밴딩,60,3.5,5.18,50,1.7,3.09,12,중간
기계부품제작,< 10,0.1,1.7,< 10,0.0,0.0,15,높음
철판주문제작,50,2.3,4.51,60,3.7,5.83,10,중간
알미늄가공,30,1.8,6.0,40,1.0,2.5,15,높음
부산레이저절단,10,1.3,15.95,< 10,0.0,0.0,9,중간
프레스업체,60,2.4,4.05,20,1.5,6.32,12,중간
스텐판,970,23.7,2.56,2410,81.9,3.71,15,높음
대구철판가공,< 10,1.4,20.0,10,0.0,0.0,3,높음
레이저커팅가공,< 10,0.0,0.0,< 10,0.0,0.0,2,중간
정밀절곡,< 10,0.0,0.0,< 10,0.0,0.0,2,중간
스테인레스컷팅,< 10,0.6,8.34,10,0.0,0.0,2,중간
금속케이스제작,< 10,1.0,14.29,< 10,0.0,0.0,3,높음
플라즈마절단,120,0.9,0.8,90,0.0,0.0,14,높음
레이저커팅기,1430,21.1,1.57,2480,46.0,1.98,15,높음
ALCASE,10,0.0,0.0,< 10,0.0,0.0,1,중간
절단업체,20,0.2,0.78,10,0.0,0.0,15,높음
파이프레이저절단기,10,0.8,6.25,10,0.0,0.0,4,낮음
파이버레이저커팅기,10,0.9,6.25,< 10,0.0,0.0,5,중간
금속레이저컷팅,20,1.0,3.87,20,0.3,1.34,12,중간
MDF레이저,20,0.3,1.19,20,0.3,1.34,15,높음
CO2레이저마킹기,40,1.9,4.4,50,0.0,0.0,15,높음
레이져각인,< 10,0.3,5.34,20,0.0,0.0,15,높음
장비프레임,< 10,1.0,33.34,< 10,0.8,11.12,1,중간
칠러제작,< 10,0.1,1.79,< 10,0.0,0.0,11,중간
의료기기제작,30,1.2,4.14,20,0.7,2.67,15,높음
챔버용접,< 10,0.0,0.0,10,0.0,0.0,3,높음
판금제관,40,0.3,0.76,50,0.0,0.0,3,높음
프레스금형제작,60,4.0,6.84,20,1.0,5.0,15,높음
절단기,2190,11.7,0.58,5500,64.0,1.25,15,높음
대구레이저가공,20,1.3,6.07,10,0.3,2.09,3,높음
인천레이저커팅,< 10,0.0,0.0,< 10,0.0,0.0,3,높음
파이프가공,130,3.4,2.56,110,3.5,3.33,15,높음
파이프레이져,< 10,0.1,2.23,< 10,0.0,0.0,15,높음
기계부품,210,6.8,3.29,120,4.6,4.18,15,높음
김해레이저절단,< 10,0.0,0.0,10,0.0,0.0,2,중간
EPP제조,< 10,1.3,22.23,< 10,0.0,0.0,3,높음
파이프절단,180,2.1,1.18,210,2.8,1.37,15,높음
부산레이저절곡,< 10,0.0,0.0,< 10,0.0,0.0,3,높음
부산레이저용접,< 10,0.0,0.0,10,0.0,0.0,2,중간
SUS가공,90,3.2,3.77,50,2.0,3.78,15,높음
분체,520,0.5,0.11,550,3.7,0.71,15,높음
각파이프절단,60,1.3,2.26,90,1.0,1.2,13,중간
사진케이스,230,3.2,1.45,1710,60.6,3.78,15,높음
얼굴폰케이스,10,0.0,0.0,210,1.0,0.49,3,높음
반려견케이스,40,0.3,0.7,400,13.7,3.64,14,높음
반려견폰케이스,10,0.2,1.66,120,0.3,0.29,9,중간
나만의폰케이스,20,0.5,2.6,140,10.3,7.77,15,높음
레이져용접,120,2.1,1.74,160,4.0,2.57,15,높음
알미늄절단,10,0.1,0.96,30,0.0,0.0,14,높음
스텐체크판,50,2.0,3.79,90,0.7,0.88,6,중간
진공챔버제작,10,0.8,7.59,< 10,0.0,0.0,15,높음
알루미늄판가공,60,2.0,3.18,50,0.3,0.65,15,높음
부산절단절곡,< 10,0.7,13.34,< 10,1.0,50.0,3,높음
부품제작,20,0.3,1.34,10,0.7,4.45,15,높음
부산절곡,30,2.9,9.71,20,1.7,6.03,3,낮음
스테인레스사각관,10,0.8,6.25,< 10,0.0,0.0,2,중간
스텐철판가공,< 10,0.3,4.77,< 10,0.4,5.56,3,높음
스틸프레임제작,< 10,1.1,22.73,< 10,0.0,0.0,4,낮음
파이프레이저컷팅,< 10,0.0,0.0,10,0.4,3.04,2,중간
프라즈마절단,60,1.8,3.19,50,2.3,4.41,15,높음
무늬철판,430,17.2,4.2,380,20.3,5.73,15,높음
S45C철판,40,6.5,15.58,10,0.0,0.0,3,높음
레이져절단기,80,3.7,4.92,160,9.7,6.13,15,높음
파이프레이져가공,< 10,0.0,0.0,< 10,0.0,0.0,0,낮음
레이저마킹기중고,10,0.3,2.71,20,0.0,0.0,3,낮음
샘플작업,10,0.0,0.0,20,0.0,0.0,2,중간
샘플케이스,30,0.2,0.78,50,0.0,0.0,13,중간
모노레일,1290,14.9,1.25,6190,80.9,1.44,15,높음
암실박스,< 10,1.0,25.0,< 10,0.0,0.0,1,중간
모노레일업체,< 10,0.3,33.34,< 10,0.0,0.0,3,높음
모노레일제작,10,3.0,25.0,10,0.3,2.57,3,높음
밧데리차,< 10,0.0,0.0,20,0.0,0.0,2,중간
모노레일설치,10,0.9,7.8,40,5.0,11.12,7,중간
SYSTEMRACK,10,0.0,0.0,< 10,0.0,0.0,2,중간
VMEBUS,10,0.0,0.0,10,0.0,0.0,2,중간
드론생산,10,0.0,0.0,20,0.0,0.0,3,높음
ENCLOSURE,2530,1.8,0.08,2780,0.3,0.02,10,중간
하팅컨넥터,20,0.4,2.23,< 10,0.5,5.56,2,중간
PRESS-FIT,10,0.0,0.0,< 10,0.0,0.0,2,중간
SMT임가공,10,0.8,5.33,< 10,0.0,0.0,11,중간
SMT제조,10,1.3,7.85,10,0.0,0.0,3,높음
판넬가공,10,1.4,8.52,10,0.0,0.0,3,높음
PCB테스트,10,0.0,0.0,10,0.0,0.0,2,중간
용접로봇,60,2.9,4.63,100,7.7,7.83,15,높음
소형레이저,30,0.3,0.83,50,0.3,0.5,14,높음
3D레이져,10,0.1,0.59,50,0.0,0.0,11,중간
목재레이저,10,0.6,3.56,30,0.3,0.99,13,중간
레이저컷팅업체,< 10,0.0,0.0,10,0.0,0.0,15,높음
밴딩업체,30,0.8,2.43,40,0.0,0.0,15,높음
파이프밴딩,390,14.9,3.96,590,28.7,5.1,15,높음
파이프레이저가공,70,5.3,7.32,30,4.3,12.15,15,높음
파이프절곡,60,0.9,1.46,90,1.0,1.15,14,높음
스틸용접,< 10,0.4,7.15,10,0.0,0.0,3,높음
스테인레스절곡,50,1.2,2.85,90,0.0,0.0,10,중간
각파이프레이저,< 10,1.0,25.0,< 10,1.0,12.5,1,중간
정수기개발,< 10,0.0,0.0,< 10,0.0,0.0,3,높음
벤딩업체,20,0.9,4.63,10,0.0,0.0,11,중간
CO2레이저각인기,20,0.0,0.0,60,0.7,1.05,3,높음
CO2레이저,490,6.3,1.34,1360,10.0,0.79,15,높음
알루미늄케이스,1230,44.1,3.78,1470,69.9,5.04,15,높음
남양주절곡,< 10,0.0,0.0,< 10,0.0,0.0,3,높음
대전절곡,10,0.0,0.0,40,0.0,0.0,2,중간
이천절곡,< 10,0.0,0.0,10,0.0,0.0,1,중간
시흥절곡,< 10,0.0,0.0,< 10,0.0,0.0,0,낮음
오산절곡,< 10,1.0,50.0,< 10,0.0,0.0,1,중간
울산절곡,10,0.0,0.0,< 10,0.0,0.0,0,낮음
성남절곡,< 10,0.0,0.0,< 10,0.0,0.0,3,높음
일산절곡,10,1.7,15.63,10,0.0,0.0,3,높음
레이저기계,110,2.3,2.17,480,13.5,2.99,15,높음
레이져커팅,< 10,0.0,0.0,< 10,0.0,0.0,15,높음
평판가공,< 10,0.0,0.0,< 10,0.0,0.0,2,중간
트렌치커버,330,11.3,3.67,410,19.5,5.08,15,높음
실험장비제작,10,0.7,7.2,< 10,0.3,4.77,14,높음
파이프레이저커팅,< 10,0.7,33.34,< 10,0.0,0.0,3,높음
파이프벤딩,120,3.8,3.15,160,6.0,3.96,15,높음
레이져마킹,220,3.7,1.7,280,7.6,2.75,15,높음
토퍼만드는기계,10,0.0,0.0,90,0.9,1.14,1,중간
레이저가공기,190,2.3,1.23,150,3.0,2.0,15,높음
알루미늄프레스,40,0.8,2.16,20,0.8,3.78,4,낮음
금속프레스,20,1.1,4.77,10,0.0,0.0,3,높음
납가공,10,1.2,8.25,10,3.2,16.95,7,중간
아크릴레이저,220,5.9,2.73,240,13.0,5.35,15,높음
소형레이저각인기,480,3.9,0.88,1470,11.7,0.87,15,높음
소형레이저커팅기,30,0.5,1.54,70,0.8,1.02,15,높음
밴딩,1820,8.2,0.49,3110,32.8,1.14,15,높음
용접공장,20,0.3,1.89,50,0.7,1.38,3,높음
덴트판금도색,10,0.0,0.0,40,0.0,0.0,3,높음
판금가격,20,0.3,1.39,120,0.7,0.57,3,높음
젤하드케이스,230,2.7,1.26,1700,45.0,2.83,15,높음
고주파밴딩,90,6.0,7.49,30,0.5,1.62,6,중간
나무레이저,40,0.5,1.41,70,0.7,0.92,15,높음
정밀부품,10,0.1,0.67,10,0.0,0.0,15,높음
GH-402,10,1.4,16.0,< 10,0.0,0.0,3,높음
베벨가공,20,0.3,1.76,10,0.0,0.0,3,높음
파이프컷팅,30,0.3,0.76,50,0.7,1.56,15,높음
소형레이저마킹기,100,2.2,2.2,180,5.6,3.23,15,높음
판금케이스,20,1.9,6.75,< 10,1.7,18.52,15,높음
금속레이저,40,0.7,1.63,60,0.7,1.12,15,높음
화이버레이저,140,1.9,1.36,110,4.1,3.81,15,높음
금형용접,10,0.3,1.86,20,0.0,0.0,3,높음
레이저용접업체,< 10,1.0,14.29,< 10,0.0,0.0,3,높음
포천레이저,< 10,0.0,0.0,< 10,0.0,0.0,3,높음
토퍼제작기계,30,0.0,0.0,220,0.7,0.34,3,높음
알루미늄구조물,20,0.3,1.58,20,0.0,0.0,14,높음
벤딩,880,5.1,0.62,1330,16.3,1.31,15,높음
나무레이저각인,60,0.7,1.17,90,0.8,0.87,15,높음
종이커팅기,220,1.0,0.49,550,10.3,2.02,15,높음
소형레이저조각기,40,0.7,1.93,60,2.7,4.31,15,높음
파이프타공,30,0.9,2.83,40,0.0,0.0,5,중간
스테인레스스틸,720,2.2,0.33,1280,1.8,0.15,15,높음
대구파이프레이저,< 10,0.3,8.34,< 10,0.0,0.0,3,높음
알루미늄벤딩,40,2.1,4.81,10,0.7,3.51,13,중간
나만의케이스,30,0.9,3.1,120,14.9,12.5,15,높음
제관,1070,4.8,0.48,1270,4.3,0.36,15,높음
원목각인,30,2.7,8.89,100,1.3,1.33,3,높음
LASERWELDING,30,0.9,3.0,< 10,0.0,0.0,10,중간
레이져각인기,800,17.4,2.33,2820,58.0,2.17,15,높음
철강레이저,< 10,0.0,0.0,< 10,0.0,0.0,2,중간
서울철강레이저,< 10,0.0,0.0,< 10,0.0,0.0,2,중간
용접로보트,10,0.8,6.46,30,1.3,3.79,8,중간
알루미늄마킹,< 10,0.5,6.82,< 10,0.3,4.77,6,중간
부천레이저커팅,< 10,1.0,16.67,< 10,0.0,0.0,3,높음
레이저각인기,2340,24.2,1.1,7240,91.0,1.35,15,높음
프로젝션용접,170,0.0,0.0,210,0.0,0.0,2,중간
정부과제,870,4.5,0.55,390,2.7,0.73,15,높음
레터링폰케이스,40,2.0,4.59,320,26.7,8.98,15,높음
FIBERLASER,90,0.3,0.33,40,1.7,4.17,15,높음
단조핸드레일,< 10,1.5,25.5,10,0.0,0.0,9,중간
H빔밴딩,20,2.3,11.12,10,0.0,0.0,3,높음
앵글벤딩,10,0.3,2.78,< 10,0.0,0.0,3,높음
파이프홀가공,20,1.0,4.85,20,0.0,0.0,11,중간
CCTV폴,120,8.1,7.47,40,5.3,11.6,15,높음
카메라브라켓,270,1.5,0.59,280,0.0,0.0,15,높음
CCTVPOLE,50,1.3,2.57,10,0.0,0.0,15,높음
CCTV거치대,160,2.2,1.44,300,5.0,1.78,15,높음
평택절곡,< 10,0.0,0.0,20,0.4,1.79,3,높음
모형절단,110,3.7,3.61,40,3.7,8.34,15,높음
CCTV브라켓,360,1.4,0.42,440,3.7,0.9,15,높음
아크릴커팅,150,5.5,3.67,340,14.8,4.82,15,높음
스텐계단,30,0.2,0.6,100,5.3,5.31,15,높음
파주절곡,< 10,0.0,0.0,< 10,0.0,0.0,3,높음
의료기기개발,40,0.2,0.48,40,0.0,0.0,15,높음
호퍼제작,40,3.2,7.06,20,1.0,5.27,9,중간
임가공업체,100,0.9,1.0,50,0.0,0.0,15,높음
3차원가공,< 10,0.0,0.0,< 10,0.0,0.0,3,높음
3차원레이져,< 10,0.0,0.0,< 10,0.0,0.0,3,높음
H-BEAM가공,< 10,0.3,6.67,< 10,0.0,0.0,3,높음
미니레이저조각기,40,0.5,1.1,150,0.5,0.35,13,중간
CO2레이저조각기,10,0.2,1.5,< 10,0.0,0.0,12,중간
갈바제작,40,1.7,3.79,50,3.2,6.07,15,높음
아크릴레이져,< 10,0.0,0.0,< 10,0.0,0.0,0,낮음
의료기기설계,20,0.2,0.8,30,0.0,0.0,15,높음
김포절곡,10,0.3,3.34,< 10,0.0,0.0,3,높음
CNC조각기추천,< 10,0.0,0.0,< 10,0.0,0.0,15,높음
철판절단판매,20,2.2,11.0,30,1.0,3.34,10,중간
금속작품,< 10,0.0,0.0,< 10,0.0,0.0,3,높음
철재소품,< 10,1.3,16.67,80,0.7,0.91,3,높음
철재제품,< 10,0.0,0.0,< 10,0.0,0.0,3,높음
스테인리스가공,50,2.1,4.66,60,2.3,3.96,15,높음
목공레이저,30,0.8,2.92,70,1.0,1.39,5,중간
레이저조각기,770,12.5,1.71,1110,27.5,2.65,15,높음
정밀가공,240,3.8,1.66,220,11.0,5.05,15,높음
각파이프가공,20,3.9,16.92,10,0.0,0.0,6,중간
분전함가격,10,0.0,0.0,30,1.7,5.06,3,높음
스텐베이스판,50,0.8,1.65,50,0.0,0.0,10,중간
고주파벤딩,80,7.2,9.41,40,0.8,2.05,4,낮음
중고기계사이트,10,1.3,13.34,10,0.0,0.0,3,높음
펀치프레스,30,0.7,2.26,20,0.3,1.86,7,중간
프레스중고기계,< 10,1.4,28.58,10,0.9,12.5,3,높음
무라텍,30,0.0,0.0,20,0.0,0.0,1,중간
미니절곡기,10,1.1,6.67,20,0.4,2.13,3,높음
미니절단기,60,0.8,1.39,260,1.5,0.62,9,중간
샤링날,< 10,1.0,50.0,< 10,0.0,0.0,2,중간
절곡기조작원,10,0.3,2.57,20,1.4,5.0,3,높음
NCTKOREA,20,0.0,0.0,10,0.0,0.0,2,중간
NCT중고,< 10,4.3,53.85,20,0.0,0.0,2,중간
NCT펀칭,10,0.7,6.07,< 10,0.0,0.0,3,높음
NCT프로그램,40,0.4,1.1,70,0.0,0.0,2,중간
NC절곡기,< 10,0.7,11.12,10,0.0,0.0,3,높음
PEGA357,< 10,0.0,0.0,< 10,0.0,0.0,2,중간
RG50,< 10,0.0,0.0,10,0.4,2.95,3,높음
VIPROS357,< 10,0.5,25.0,< 10,0.0,0.0,2,중간
롤벤더,< 10,1.5,25.0,< 10,0.0,0.0,3,높음
무라다,30,1.3,3.81,50,1.0,2.1,3,높음
무라다NCT,< 10,2.0,28.58,< 10,0.0,0.0,1,중간
조작반,30,0.0,0.0,20,0.5,2.05,2,중간
명판가공,10,1.7,9.81,10,0.0,0.0,3,높음
철함,60,3.7,5.63,60,0.3,0.42,6,중간
태양광분전함,10,1.0,10.0,< 10,0.3,6.67,3,높음
판넬구입,< 10,0.3,8.34,< 10,0.0,0.0,3,높음
판넬외함,10,1.0,5.89,< 10,0.0,0.0,3,높음
피아노판넬,20,2.1,12.91,10,1.3,8.34,4,낮음
화분다이,600,11.9,2.16,6870,213.3,3.48,15,높음
반사경제작,< 10,0.6,8.17,< 10,1.3,26.67,14,높음
받침대,2990,8.7,0.32,7800,93.3,1.29,15,높음
방수형박스,20,0.3,1.39,10,0.0,0.0,3,높음
방우형박스,< 10,0.0,0.0,< 10,0.0,0.0,2,중간
분전함박스,40,1.1,2.55,20,0.0,0.0,12,중간
서스,1040,2.1,0.22,1660,10.0,0.66,15,높음
서스분전함,20,0.2,1.3,20,0.3,1.86,4,낮음
서스외함,< 10,2.0,40.0,< 10,0.0,0.0,2,중간
서스판넬,50,4.4,8.23,40,3.7,7.64,3,높음
서스함,20,0.3,1.21,20,0.3,1.2,4,낮음
서쓰,< 10,0.0,0.0,20,1.0,4.77,1,중간
스텐리스,220,0.8,0.37,610,2.0,0.36,13,중간
스텐문짝,< 10,0.0,0.0,10,0.0,0.0,3,높음
스텐외함,< 10,1.0,25.0,< 10,0.0,0.0,3,높음
스텐판금,< 10,0.0,0.0,< 10,0.3,4.77,3,높음
스텐판넬,40,1.4,3.22,90,3.3,3.58,14,높음
스틸함,10,0.7,4.17,20,0.0,0.0,12,중간
안정기박스,< 10,0.3,5.56,< 10,0.0,0.0,3,높음
앙카지지대,< 10,0.0,0.0,< 10,0.0,0.0,3,높음
옥외판넬,10,1.0,6.67,< 10,0.0,0.0,3,높음
전기단자함,110,2.2,2.03,330,2.3,0.72,9,중간
전기배전판,60,1.1,1.64,150,2.5,1.79,10,중간
전기판금,< 10,1.3,22.23,< 10,0.0,0.0,2,중간
전기풀박스,100,1.7,1.86,80,1.5,1.75,7,중간
전장판넬제작,10,0.7,6.67,< 10,0.0,0.0,3,높음
LOP,340,1.0,0.32,760,0.3,0.05,3,높음
LOP판넬,40,0.0,0.0,30,0.0,0.0,1,중간
MCC반,160,2.2,1.42,70,0.7,1.02,11,중간
PANEL,4100,0.5,0.02,4970,1.3,0.03,10,중간
PLC판넬제작,10,0.7,4.0,< 10,0.0,0.0,3,높음
SUSPANEL,10,2.0,11.77,< 10,0.0,0.0,1,중간
SUSPOLE,< 10,0.5,8.34,< 10,0.0,0.0,2,중간
SUS판넬,40,0.7,1.57,20,0.0,0.0,15,높음
SUS패널,< 10,1.0,12.5,< 10,0.0,0.0,3,높음
SUS폴,< 10,0.0,0.0,< 10,0.0,0.0,3,높음
SUS폴대,< 10,0.3,4.17,< 10,0.0,0.0,3,높음
가스밸브함,< 10,0.0,0.0,< 10,0.0,0.0,2,중간
가스보관실,< 10,0.0,0.0,< 10,0.5,16.67,2,중간
가스용기함,< 10,0.0,0.0,10,0.3,2.39,3,높음
가스저장실,< 10,1.0,50.0,< 10,0.0,0.0,1,중간
가스통보관함,40,2.1,4.81,50,2.7,5.34,15,높음
가스함,< 10,0.0,0.0,10,0.5,2.78,2,중간
계장판넬,10,1.0,7.15,< 10,0.0,0.0,2,중간
기성함,30,2.0,6.12,10,0.0,0.0,11,중간
노출함,10,1.3,7.25,10,1.0,5.89,8,중간
조작판넬,50,0.7,1.23,20,0.5,2.0,9,중간
로링기,40,0.0,0.0,70,0.7,1.0,3,높음
다이세트,40,0.8,1.95,80,0.7,0.83,9,중간
CATECH,50,2.5,5.21,50,0.5,1.0,2,중간
스마트링케이스,130,0.7,0.52,1190,19.7,1.77,15,높음
분체도장업체,40,2.3,5.64,60,5.8,9.28,15,높음
방탄젤리케이스,50,0.8,1.59,430,6.3,1.56,7,중간
중고NCT,< 10,0.3,5.56,20,0.7,3.18,3,높음
종이커팅,50,1.4,2.87,50,2.0,3.85,15,높음
배전함제작,10,1.3,7.85,10,0.0,0.0,3,높음
정밀부품가공,20,1.2,5.72,10,0.0,0.0,15,높음
반도체장비,980,2.1,0.22,1500,0.7,0.05,15,높음
아마다레이저,10,0.9,6.25,10,1.2,7.7,3,낮음
NCT펀칭기,10,2.0,11.77,10,0.0,0.0,2,중간
아마다NCT,20,1.0,4.71,20,0.3,1.79,4,낮음
철재다리제작,30,0.4,1.12,740,4.0,0.54,15,높음
부산스텐제작,10,0.8,5.61,10,0.3,2.09,8,중간
기름탱크제작,< 10,0.4,4.0,20,0.0,0.0,11,중간
사상구용접,< 10,0.0,0.0,< 10,0.0,0.0,2,중간
부산철공소,40,3.4,8.58,60,0.0,0.0,2,중간
트럼프절곡기,30,1.3,4.42,30,0.4,1.48,2,중간
정밀공업,30,0.0,0.0,20,0.0,0.0,3,높음
제주절곡,< 10,0.0,0.0,10,0.0,0.0,3,높음
표면처리종류,30,0.6,2.05,10,0.0,0.0,2,중간
표면처리규격,10,0.0,0.0,< 10,0.0,0.0,1,중간
미세가공,10,0.3,3.04,< 10,0.0,0.0,3,높음
알루미늄선반가공,< 10,0.7,8.34,< 10,0.0,0.0,3,높음
3D도면설계,10,1.0,8.89,10,0.0,0.0,4,낮음
무산소동가공,< 10,0.0,0.0,< 10,0.0,0.0,1,중간
커플폰케이스,1640,70.6,4.55,19300,1878.2,10.44,15,높음
크로메이트처리,160,1.0,0.91,90,0.0,0.0,1,중간
산화피막처리,20,0.6,3.13,10,0.0,0.0,2,중간
크로메이트피막,30,0.0,0.0,20,0.0,0.0,1,중간
부동태피막,170,3.0,1.96,170,1.0,1.22,2,중간
부동태,290,0.3,0.12,260,0.0,0.0,3,높음
아노다이징가격,30,1.1,3.24,10,0.7,3.71,7,중간
아노다이징공정,40,0.0,0.0,< 10,0.0,0.0,1,중간
아노다이징설비,< 10,1.0,33.34,< 10,0.0,0.0,3,높음
알루미늄크로메이트,10,0.0,0.0,10,0.0,0.0,2,중간
알루미늄피막,50,1.0,1.93,30,0.0,0.0,3,높음
알미늄아노다이징,10,0.7,5.41,< 10,0.5,5.89,3,높음
알미늄표면처리,< 10,1.7,33.34,< 10,0.3,8.34,3,높음
양극산화피막,50,0.0,0.0,20,0.0,0.0,2,중간
연질아노다이징,20,0.0,0.0,< 10,0.0,0.0,1,중간
인천아노다이징,< 10,0.0,0.0,10,0.0,0.0,1,중간
경질아노다이징,180,0.9,0.5,70,0.3,0.47,5,중간
스테인레스CNC,10,0.7,10.0,< 10,0.0,0.0,1,중간
아크릴탭가공,10,0.4,3.58,< 10,0.0,0.0,3,높음
아크릴곡면가공,< 10,0.0,0.0,< 10,0.0,0.0,2,중간
스텐파이프절단,30,1.3,3.52,60,0.8,1.21,15,높음
파주철공소,< 10,0.8,11.12,20,0.0,0.0,3,낮음
금속벤딩,< 10,0.7,22.23,10,0.0,0.0,3,높음
육면가공,10,1.5,12.5,< 10,0.0,0.0,2,중간
곡면가공,10,0.3,3.71,< 10,0.0,0.0,3,높음
조명제어반,< 10,0.0,0.0,< 10,0.0,0.0,3,높음
홀가공업체,< 10,0.0,0.0,< 10,0.0,0.0,3,높음
탭가공규격,20,0.0,0.0,10,0.0,0.0,2,중간
파이프형상가공,< 10,0.0,0.0,< 10,0.0,0.0,2,중간
서스파이프규격,120,2.0,1.79,50,0.0,0.0,3,낮음
심가공,20,1.0,5.0,< 10,0.0,0.0,1,중간
알루미늄후가공,< 10,0.3,4.17,< 10,0.0,0.0,3,높음
프라즈마가공,10,1.9,14.29,< 10,0.0,0.0,2,중간
슬롯가공,30,0.0,0.0,20,0.0,0.0,2,중간
원주레이저가공,< 10,0.4,14.29,< 10,0.0,0.0,2,중간
안산아크릴가공,< 10,0.0,0.0,< 10,0.0,0.0,3,높음
아크릴레이져가공,< 10,0.0,0.0,< 10,0.0,0.0,0,낮음
용접제작,20,0.7,2.93,40,1.3,3.71,15,높음
알루미늄주문제작,40,1.1,2.65,60,0.3,0.45,12,중간
철주문제작,10,0.6,3.73,10,1.3,10.26,13,중간
아마다톱기계,10,1.3,12.0,10,0.0,0.0,2,중간
바이스트로닉레이저,< 10,0.0,0.0,10,0.5,3.85,3,높음
태양광배전반,20,0.7,2.67,10,0.0,0.0,3,높음
철골소부재,< 10,0.0,0.0,< 10,0.0,0.0,3,높음
안산레이저커팅,< 10,0.0,0.0,< 10,1.0,100.0,2,중간
철판레이저절단,< 10,0.6,6.25,10,0.0,0.0,5,중간
절곡기금형,10,1.4,9.53,10,0.0,0.0,3,높음
RG35,10,0.0,0.0,20,0.0,0.0,3,높음
가공기계,50,0.3,0.66,30,1.9,6.46,15,높음
반도체장비제작,< 10,0.0,0.0,10,0.0,0.0,3,높음
전장판넬,110,1.9,1.94,30,0.3,0.93,11,중간
오산매직터치,10,0.0,0.0,20,0.0,0.0,2,중간
절곡레이저,< 10,0.0,0.0,10,0.0,0.0,3,높음
LASERCUTTING,40,0.6,1.5,20,0.3,1.76,14,높음
판가공,< 10,0.3,4.35,< 10,0.0,0.0,3,높음
자동차부품가공,20,0.2,1.0,50,2.3,4.69,15,높음
나무각인,140,1.9,1.35,510,16.3,3.34,15,높음
정밀가공부품,< 10,0.0,0.0,< 10,0.0,0.0,3,높음
아이디어상품제작,30,1.0,3.13,70,4.0,5.54,15,높음
머시닝센타,40,0.5,1.14,40,1.7,4.39,15,높음
CNC밀링가공,10,0.3,3.26,10,0.0,0.0,12,중간
아이디어제작,< 10,0.4,4.45,20,1.3,5.13,15,높음
탭가공,300,1.8,0.63,220,1.3,0.59,15,높음
자동차범퍼기스,170,0.9,0.53,1640,34.5,2.3,15,높음
자동차사고,650,0.6,0.1,2590,0.3,0.02,15,높음
자동차보험처리,280,0.1,0.06,1310,0.7,0.06,15,높음
노원구자동차정비,< 10,0.0,0.0,10,0.0,0.0,3,높음
프레스금형종류,20,0.0,0.0,10,0.0,0.0,3,높음
프레스가공품,< 10,0.3,16.67,< 10,0.0,0.0,3,높음
프레스가공의종류,< 10,0.0,0.0,< 10,0.0,0.0,0,낮음
아노다이징업체,40,1.2,3.35,30,3.3,9.26,13,중간
알루미늄표면처리,90,1.6,1.91,50,0.3,0.61,15,높음
알루미늄절단판매,< 10,0.3,4.17,< 10,0.0,0.0,3,높음
메탈판넬,850,31.3,3.89,970,42.8,4.7,15,높음
금속작업,10,0.5,5.77,20,0.7,3.28,6,중간
중고유압절단기,< 10,0.0,0.0,30,0.0,0.0,6,중간
프레스자동화,50,4.2,8.08,20,3.3,17.55,15,높음
ESD코팅,10,1.7,11.12,< 10,0.0,0.0,3,높음
전투기시뮬레이터,20,0.0,0.0,20,0.4,1.89,2,중간
월모니터,10,1.0,7.7,10,1.0,10.0,3,높음
지하철시뮬레이터,10,1.5,9.1,30,0.4,1.45,1,중간
통합관제실,10,0.0,0.0,10,0.0,0.0,3,높음
모니터콘솔,< 10,0.3,3.71,10,0.0,0.0,3,높음
자동차시뮬레이션,100,0.5,0.51,190,5.0,2.72,15,높음
자동차시뮬레이터,50,0.3,0.55,110,0.3,0.31,13,중간
(주)디엠피,10,1.1,12.5,< 10,0.0,0.0,2,중간
메탈케이스,90,0.3,0.4,340,1.5,0.45,15,높음
중고레이저컷팅기,10,0.7,6.07,10,0.0,0.0,3,높음
알루미늄레이져,< 10,0.0,0.0,< 10,0.0,0.0,0,낮음
휀다도색,20,0.0,0.0,190,0.3,0.2,3,높음
PIPE밴딩,< 10,0.0,0.0,< 10,0.0,0.0,3,높음
알루미늄도금,140,2.3,1.71,140,8.7,6.24,15,높음
R가공,50,0.1,0.18,50,0.0,0.0,12,중간
갈바작업,60,1.4,2.15,170,0.8,0.49,12,중간
아마다톱날,10,0.7,4.45,< 10,0.0,0.0,3,높음
반도체장비프레임,< 10,1.5,37.5,< 10,1.6,40.0,2,중간
ANODIZING,500,0.2,0.04,230,0.0,0.0,11,중간
오산외형복원,< 10,0.1,2.09,70,0.3,0.5,7,중간
양극산화,120,0.0,0.0,60,0.0,0.0,3,높음
CNC펀칭기,20,0.7,3.18,20,0.0,0.0,3,높음
중고호빙기,< 10,0.0,0.0,< 10,0.0,0.0,1,중간
CNC조각기중고,10,1.4,9.76,20,0.7,3.04,3,높음
정밀프레스금형,< 10,0.0,0.0,< 10,0.0,0.0,3,높음
금속커팅,10,0.1,0.71,20,0.3,1.76,14,높음
판금도색저렴한곳,< 10,0.0,0.0,< 10,0.3,6.67,3,높음
판금도색잘하는곳,< 10,0.1,1.34,30,0.3,1.29,15,높음
이니셜케이스,150,2.7,1.91,1300,42.3,3.42,15,높음
가족케이스,< 10,0.0,0.0,30,1.3,5.13,3,높음
프레스생산,10,2.0,12.0,20,0.0,0.0,3,높음
아노다이징가공,< 10,0.8,13.34,< 10,0.0,0.0,3,높음
레이져기계,< 10,0.0,0.0,< 10,0.0,0.0,0,낮음
대형절곡기,< 10,0.0,0.0,< 10,0.0,0.0,3,높음
절단절곡기,20,0.6,2.57,20,2.0,8.0,14,높음
PRESSBRAKE,20,0.0,0.0,20,0.0,0.0,3,높음
구미가공,< 10,0.7,11.12,< 10,0.0,0.0,3,높음
CNC밀링기계,< 10,0.0,0.0,< 10,2.1,42.86,3,높음
프래스,70,1.2,1.83,160,0.7,0.43,13,중간
철물가공,10,2.1,16.18,10,0.0,0.0,5,중간
휴즈,1170,8.7,0.8,3020,40.8,1.45,15,높음
휴즈홀더,470,7.2,1.62,780,17.0,2.41,15,높음
전기전자부품,120,8.0,6.62,150,11.1,7.37,15,높음
컨테이너부품,20,2.1,9.1,40,0.7,1.91,8,중간
코일,2050,7.0,0.37,5020,5.3,0.12,15,높음
크림프철망,10,2.7,16.13,10,0.3,3.04,9,중간
판스프링,1490,33.3,2.35,2880,47.7,1.75,15,높음
판재,700,8.7,1.35,930,23.7,2.8,15,높음
유압후렌지,< 10,0.0,0.0,10,0.0,0.0,3,높음
감시카메라,680,9.7,1.54,2230,35.3,1.73,15,높음
건설잡자재,< 10,0.8,16.67,< 10,0.0,0.0,1,중간
등기구,1270,18.5,1.53,2260,60.4,2.88,15,높음
박판,410,1.5,0.4,580,7.7,1.39,15,높음
선박유압,< 10,1.0,50.0,10,0.0,0.0,2,중간
화낙CNC,10,0.5,4.55,10,0.0,0.0,2,중간
CNC업체,20,0.1,0.56,20,0.3,1.45,15,높음
프레스제품,< 10,0.2,2.86,10,0.3,4.17,10,중간
중고레이저커팅기,20,1.7,8.78,30,0.3,1.05,3,높음
잔넬가공,< 10,1.7,27.78,< 10,0.4,5.27,3,높음
중고펀칭기,10,1.1,8.52,40,0.7,1.71,7,중간
유압식프레스,30,0.3,1.12,10,0.0,0.0,3,높음
아마다펀칭기,10,1.1,6.67,20,1.2,5.41,3,높음
샤링머신,10,2.0,12.77,< 10,0.4,5.56,3,높음
방송실데스크,20,2.7,14.29,< 10,1.3,14.82,6,중간
프레스수리업체,< 10,0.0,0.0,< 10,0.0,0.0,1,중간
자동화판넬,10,0.4,3.71,10,0.0,0.0,2,중간
중고프레스기계,< 10,1.0,17.19,10,0.5,5.56,11,중간
프레스공장,40,0.8,1.77,80,2.3,2.82,12,중간
오산자동차광택,< 10,0.0,0.0,30,0.3,1.39,12,중간
코너샤링,< 10,0.0,0.0,< 10,0.0,0.0,3,높음
금속구조물제작,10,0.6,5.0,< 10,0.7,16.67,15,높음
차범퍼수리,50,0.7,1.16,930,14.7,1.69,12,중간
방산부품,10,0.0,0.0,20,0.5,3.04,3,높음
중고절곡기,90,7.5,8.19,150,16.0,11.2,15,높음
차량전체도색가격,10,0.0,0.0,50,0.0,0.0,3,높음
제품생산,90,0.7,0.76,50,0.3,0.67,15,높음
콘벤딩,< 10,1.1,15.39,< 10,0.0,0.0,2,중간
서울벤딩,< 10,0.5,5.56,< 10,2.0,33.34,2,중간
키보드선반,320,0.5,0.16,500,0.5,0.12,14,높음
오산실내크리닝,10,0.3,2.11,30,0.0,0.0,6,중간
콘밴딩,< 10,0.0,0.0,< 10,0.0,0.0,2,중간
LED케이스,200,0.7,0.39,1480,15.7,1.12,15,높음
소형절곡기,40,1.4,3.75,60,1.8,2.92,14,높음
프레스물,10,1.2,6.98,< 10,0.5,16.67,3,높음
CNC집진기,40,0.1,0.25,30,0.0,0.0,13,중간
CONSOLEDESK,10,2.0,11.54,< 10,0.0,0.0,3,낮음
오산광택,50,0.2,0.31,170,3.0,2.0,13,중간
오산내부세차,< 10,0.4,4.55,60,2.1,3.75,5,중간
철제케이스,120,3.9,3.43,360,18.7,5.58,15,높음
스텐핸드레일,170,12.4,7.52,370,26.7,7.65,15,높음
오산도색,< 10,0.0,0.0,30,0.0,0.0,9,중간
자동차도장가격,10,1.0,11.12,40,1.0,2.5,3,높음
미니레이저커팅기,10,0.0,0.0,10,0.0,0.0,3,높음
JOINTBOX,70,0.0,0.0,20,0.0,0.0,3,높음
아마다샤링기,20,1.3,5.8,10,0.3,2.33,3,높음
스텐파이프절단판매,20,2.5,10.57,10,0.0,0.0,11,중간
동대문구카센터,< 10,0.7,12.5,10,0.0,0.0,3,높음
강서구정비소,20,0.8,4.0,30,0.0,0.0,3,높음
송파공업사,< 10,0.0,0.0,30,0.3,0.99,3,높음
자동차공업소,160,0.0,0.0,1830,0.0,0.0,3,높음
LCD케이스,10,0.2,1.54,10,0.0,0.0,11,중간
프레스금형제품,< 10,0.0,0.0,< 10,0.0,0.0,3,높음
절단기중고,< 10,0.2,2.68,30,2.3,7.76,14,높음
아마다절곡기,70,2.9,4.27,130,10.1,7.77,13,중간
레이저마킹,680,12.0,1.87,630,11.5,1.95,15,높음
차단기박스,100,0.5,0.48,210,0.5,0.26,13,중간
제어반판넬,< 10,0.0,0.0,< 10,1.0,16.67,1,중간
노출박스,130,1.1,0.89,100,0.0,0.0,14,높음
샤링기중고,< 10,0.0,0.0,20,1.2,4.48,3,높음
전기분전반,140,1.5,1.14,160,0.8,0.49,15,높음
유리연마,80,1.1,1.34,250,1.8,0.73,15,높음
본넷부분도색,10,0.0,0.0,50,0.0,0.0,3,높음
기계가공,240,1.3,0.57,220,4.3,2.02,15,높음
망원경케이스,10,0.8,8.34,10,0.0,0.0,8,중간
샤프트가공,90,3.8,4.42,50,4.5,9.32,15,높음
정밀,710,2.0,0.3,1570,1.0,0.07,15,높음
성수동공업사,30,0.0,0.0,100,0.0,0.0,3,높음
세라믹코팅,950,16.9,1.91,2980,46.4,1.67,15,높음
주물가공,50,0.0,0.0,40,0.3,0.86,3,높음
전자식차단기,20,1.0,4.77,170,0.3,0.22,3,높음
DCUPS,20,1.4,5.0,< 10,0.0,0.0,3,높음
3상SMPS,10,2.0,28.58,< 10,0.0,0.0,1,중간
CP,5030,2.9,0.07,10200,3.0,0.04,15,높음
프레스금형업체,10,1.4,10.77,< 10,0.0,0.0,15,높음
헤밍,180,0.0,0.0,250,0.3,0.15,3,높음
수배전반제조,< 10,0.7,11.12,< 10,0.0,0.0,3,높음
엘리베이터제조,10,1.1,7.15,10,0.0,0.0,2,중간
방화문제조,10,0.2,1.0,30,0.0,0.0,6,중간
R절곡,< 10,0.0,0.0,10,0.0,0.0,1,중간
냉장고제조,< 10,0.0,0.0,< 10,0.0,0.0,1,중간
무인창고,40,4.8,10.61,80,3.7,4.89,8,중간
가공집,20,0.3,1.86,20,1.0,3.45,3,높음
선반가공업체,10,0.6,3.75,20,0.3,1.67,15,높음
알루미늄가공업체,100,7.0,7.0,90,6.2,6.42,15,높음
자동차부품제조,60,0.8,1.44,70,0.0,0.0,15,높음
U벤딩,< 10,0.0,0.0,< 10,0.0,0.0,3,낮음
유압식절곡기,< 10,0.4,6.25,< 10,0.0,0.0,7,중간
정밀프레스,10,0.4,2.66,< 10,0.0,0.0,8,중간
절단화구,40,1.0,2.25,30,0.0,0.0,10,중간
중고기계판매,20,0.3,1.12,20,0.0,0.0,15,높음
오산스팀세차,30,0.9,2.74,410,14.7,3.87,7,중간
AMADA,80,1.4,1.69,100,1.3,1.3,15,높음
U밴딩,10,1.5,10.26,< 10,0.0,0.0,3,높음
자동차기스,310,1.2,0.42,1810,24.0,1.46,15,높음
아이폰케이스제작,320,14.4,4.7,1100,135.0,13.03,15,높음
전해연마,1050,16.4,1.69,840,26.3,3.38,15,높음
하드아노다이징,160,0.8,0.49,120,1.3,1.08,7,중간
알루미늄연마,40,0.0,0.0,90,0.3,0.38,3,높음
알루미늄연마제,20,0.0,0.0,90,0.5,0.57,3,높음
알미늄다이케스팅,< 10,0.0,0.0,< 10,0.0,0.0,3,높음
양극산화처리,20,0.0,0.0,< 10,0.0,0.0,1,중간
유리표면처리,< 10,0.0,0.0,< 10,0.4,10.0,3,높음
ALDC,130,0.0,0.0,40,0.0,0.0,1,중간
AL표면처리,< 10,1.0,12.5,< 10,0.0,0.0,1,중간
GLASSFILM,< 10,0.0,0.0,10,0.0,0.0,2,중간
마그네슘다이케스팅,< 10,0.7,9.53,< 10,0.0,0.0,3,높음
스텐표면처리,< 10,0.0,0.0,10,0.7,4.17,3,높음
서스표면처리,< 10,0.5,8.34,< 10,0.0,0.0,2,중간
화학연마제,< 10,0.4,9.1,< 10,0.0,0.0,3,높음
화학연마,30,0.7,1.76,30,0.0,0.0,3,높음
플렉시블유리,< 10,1.0,11.12,< 10,0.0,0.0,1,중간
마그네슘표면처리,< 10,0.0,0.0,< 10,0.0,0.0,2,중간
티타늄표면처리,10,1.0,5.89,< 10,0.0,0.0,3,높음
플렉시블글라스,< 10,0.0,0.0,< 10,0.0,0.0,3,높음
방수함체,20,1.2,4.75,10,0.3,2.09,13,중간
HK레이저,30,0.5,1.62,10,0.0,0.0,2,중간
두루마,10,0.7,3.85,110,2.5,2.39,3,높음
핸드폰케이스,30100,871.0,3.08,227600,14000.6,6.63,15,높음
밀링가공,240,2.0,0.85,180,0.3,0.2,15,높음
콘넥터,440,6.1,1.44,550,10.3,1.95,15,높음
트랜스퍼프레스,20,1.0,5.56,20,0.0,0.0,1,중간
리벳제조,10,0.3,3.45,< 10,0.0,0.0,3,높음
리드포밍기,10,0.7,6.67,< 10,0.3,4.17,3,높음
라미네이팅,1060,1.4,0.15,1540,0.3,0.03,15,높음
드로잉금형,20,0.1,0.62,20,0.0,0.0,7,중간
기계프레스,< 10,0.0,0.0,10,0.0,0.0,3,높음
가공기,70,0.5,0.66,40,1.7,3.79,13,중간
UNCOILER,30,0.3,1.05,20,0.3,1.59,3,높음
블랭킹프레스,10,0.0,0.0,< 10,0.0,0.0,2,중간
파인블랭킹,90,0.0,0.0,80,0.0,0.0,3,높음
포밍기계,10,0.5,4.09,20,0.3,1.24,8,중간
프레스금형설계기사,70,0.4,0.6,60,0.3,0.55,10,중간
샤시바,< 10,0.0,0.0,10,0.0,0.0,2,중간
압출바,10,0.0,0.0,10,0.3,2.57,4,낮음
전광판,3060,32.5,1.13,4840,69.3,1.52,15,높음
전자광고판,30,0.5,1.67,70,3.4,4.85,15,높음
5축고속가공기,< 10,0.0,0.0,< 10,0.0,0.0,3,높음
BOTTOMCHASSIS,< 10,0.0,0.0,< 10,0.0,0.0,1,중간
FINEBLANKING,80,0.0,0.0,90,0.0,0.0,1,중간
LEDMONITOR,60,0.3,0.47,50,2.3,5.08,4,낮음
PRESS,4430,0.6,0.02,15700,3.7,0.03,10,중간
RIVETING,290,0.6,0.23,530,0.4,0.08,5,중간
SHIELDCASE,10,0.0,0.0,< 10,0.0,0.0,2,중간
BYSTAR,< 10,0.0,0.0,< 10,0.0,0.0,0,낮음
신주가공,30,1.1,3.45,30,2.7,8.89,15,높음
가공업체,140,4.3,3.29,80,2.3,3.0,15,높음
DURMA,< 10,0.0,0.0,< 10,0.0,0.0,0,낮음
두르마,< 10,0.0,0.0,10,0.0,0.0,0,낮음
C형강가공,< 10,1.1,18.58,< 10,0.0,0.0,12,중간
사고차수리,30,0.9,2.83,100,2.9,2.97,15,높음
테슬라수리,270,0.0,0.0,1020,0.0,0.0,3,높음
오산덴트,20,1.1,4.19,150,0.3,0.23,9,중간
상황실콘솔데스크,< 10,2.3,58.34,< 10,0.0,0.0,3,높음
H빔가공,100,7.0,7.33,140,15.3,10.96,15,높음
가이드부싱,40,0.4,1.09,60,0.8,1.21,12,중간
오축가공,10,0.0,0.0,10,0.7,4.77,15,높음
방수함,90,1.9,2.11,120,1.0,0.85,15,높음
차폐문,20,0.9,4.4,10,0.0,0.0,14,높음
연사,1280,0.5,0.04,2190,0.0,0.0,15,높음
방사선차폐,100,0.9,0.89,70,4.0,5.4,15,높음
납판가격,< 10,0.4,9.38,20,2.8,13.75,8,중간
오산실내세차,10,0.6,4.17,80,2.0,2.6,7,중간
프레스금형설계,50,0.4,0.77,40,0.0,0.0,15,높음
펨프레스,30,1.0,3.04,20,1.4,5.48,4,낮음
앵글가공,10,1.2,6.67,10,1.0,7.7,15,높음
가로등주,140,3.3,2.34,70,5.7,8.22,15,높음
절곡기수리,< 10,0.3,4.17,10,0.3,3.04,3,높음
빔가공,10,1.5,9.81,20,1.0,3.58,10,중간
본네트도색,40,0.6,1.5,210,1.3,0.69,7,중간
에쿠스수리,< 10,0.3,11.12,20,0.3,1.24,3,높음
조각기,610,7.7,1.33,1000,16.3,1.72,15,높음
알루미늄브레이징,20,1.5,5.46,20,0.3,1.52,10,중간
커플케이스제작,210,8.8,4.34,1980,218.4,11.93,15,높음
프레스부품,30,0.5,1.8,10,0.3,3.04,12,중간
스텐박스,150,4.3,3.15,390,26.9,7.41,15,높음
중고레이저,50,1.3,2.34,60,2.5,4.5,15,높음
전손차량,410,2.0,0.52,1750,29.6,1.8,15,높음
몰드베이스,200,0.8,0.41,190,0.5,0.27,14,높음
전장박스,180,2.2,1.33,60,1.0,1.7,14,높음
V컷팅기,50,1.4,2.92,40,0.0,0.0,14,높음
방수외함,< 10,0.0,0.0,< 10,0.0,0.0,3,높음
휠터,70,1.3,1.72,130,1.0,0.74,15,높음
평면연마,110,1.3,1.22,120,0.5,0.44,15,높음
자동차스크래치,320,1.3,0.43,1600,25.0,1.69,15,높음
금형부품,140,5.7,4.13,100,4.0,3.74,15,높음
자동차텐트,190,2.1,1.1,1570,36.7,2.53,15,높음
싱글케이블,40,0.2,0.41,180,1.3,0.72,12,중간
표면처리약품,20,0.7,4.17,10,0.0,0.0,3,높음
아크릴지지대,90,0.5,0.6,150,1.5,1.1,11,중간
환봉가공,30,1.5,4.28,40,2.0,4.88,14,높음
단조부품,10,0.4,2.6,20,1.0,4.55,10,중간
외장판넬,160,9.1,6.13,280,12.9,4.65,15,높음
중고유압절곡기,< 10,0.7,13.64,10,0.3,2.78,9,중간
바이스트로닉스,10,1.1,6.46,20,0.0,0.0,2,중간
정밀금형,70,0.4,0.55,20,0.0,0.0,15,높음
전기콘트롤박스,50,2.0,3.65,90,3.5,3.94,15,높음
프로파일가공,80,1.7,2.26,60,0.7,0.99,15,높음
절곡기가격,< 10,0.0,0.0,10,1.0,9.53,7,중간
강남1급공업사,< 10,0.7,11.12,20,0.0,0.0,3,높음
배전반설치,< 10,0.0,0.0,20,0.7,2.9,3,높음
스테인리스주문제작,20,1.3,5.42,40,3.7,8.95,13,중간
스텐거치대,50,0.0,0.0,180,0.0,0.0,3,높음
스텐레스제작,50,2.6,4.91,100,14.9,15.09,15,높음
스텐레스주문제작,< 10,1.0,14.57,10,0.7,4.77,15,높음
스텐제작업체,10,0.9,10.08,< 10,0.0,0.0,14,높음
스테인레스주문제작,30,1.6,4.58,60,6.3,9.9,15,높음
스테인레스케이스,20,1.3,5.13,30,0.4,1.25,3,높음
배전반도면,10,0.0,0.0,< 10,0.0,0.0,1,중간
CCTV보관함,20,0.0,0.0,40,0.0,0.0,9,중간
SUS분전반,10,0.0,0.0,< 10,0.0,0.0,3,높음
락커룸제작,< 10,0.0,0.0,10,0.0,0.0,2,중간
압출금형제작,10,1.8,25.0,< 10,0.0,0.0,3,높음
전기배전함,130,1.4,1.07,240,2.3,1.0,15,높음
절곡기중고,10,1.7,12.2,30,1.3,4.66,6,중간
강남판금도색,30,0.4,1.46,70,1.7,2.38,14,높음
대치동카센터,10,0.0,0.0,40,0.0,0.0,3,높음
아마다밴드쏘,10,1.3,8.19,20,1.3,5.13,11,중간
스텐제작,220,11.5,5.44,440,30.3,7.17,15,높음
범퍼도색비용,140,0.3,0.2,580,12.3,2.26,15,높음
폰케이스업체,10,0.3,2.39,20,0.0,0.0,3,높음
자동절곡기,40,1.3,3.3,40,1.7,3.88,7,중간
자동펀칭,10,0.0,0.0,20,0.4,2.05,3,높음
컨트롤판넬,290,3.1,1.15,180,4.0,2.3,15,높음
전기판넬제작,70,1.9,2.65,80,1.8,2.31,15,높음
장비가방,150,2.1,1.57,210,7.3,3.65,15,높음
대형컨트롤박스,< 10,0.0,0.0,< 10,0.7,11.12,3,높음
핸드폰케이스주문제작,210,6.7,3.31,530,43.3,8.69,15,높음
초경,1310,1.9,0.16,6670,2.5,0.05,15,높음
자동차스크레치,50,1.4,2.65,490,22.7,4.94,15,높음
성수동1급공업사,10,0.4,3.13,40,0.0,0.0,3,높음
코너샤링기,20,0.8,3.67,40,1.8,4.44,10,중간
태양광지지대,10,1.1,6.67,20,0.7,3.51,15,높음
통신함,120,1.2,1.01,240,0.3,0.12,14,높음
머시닝센터가공,30,1.0,2.86,< 10,0.0,0.0,15,높음
철골제작,90,5.7,5.97,80,6.3,8.65,15,높음
